"NUM_INFRACAO","DESCRIÇÃO","ENQUADRAMENTO NO C.T.B.","GRAVIDADE","RESPONSABILIDADE","COMPETÊNCIA","PONTOS NA CNH","VALOR R$"
50100,"DIRIGIR VEICULO S/ POSSUIR CNH OU PERMISSAO PARA DIRIGIR","ART 162, I","GRAVISSIMA","CONDUTOR","ESTADUAL",7,"574,62"
50290,"DIRIGIR VEICULO C/ CNH OU PERMISSAO P/ DIRIGIR CASSADA","ART 162, II","GRAVISSIMA","CONDUTOR","ESTADUAL",7,"957,7"
50370,"DIRIGIR VEIC C/ CNH OU PERMISSAO P/DIRIGIR CATEG DIFERENTE","ART 162, III","GRAVISSIMA","CONDUTOR","ESTADUAL",7,"574,62"
50450,"DIRIGIR VEIC C/ VALIDADE DE CNH VENCIDA HA MAIS DE 30 DIAS","ART 162, V","GRAVISSIMA","CONDUTOR","ESTADUAL",7,"191,54"
50530,"DIRIGIR S/ USAR LENTES, APAR, ETC IMPOSTAS PELA LICENCA","ART 162, VI","GRAVISSIMA","CONDUTOR","ESTADUAL",7,"191,54"
50610,"ENTREGAR DIREC VEIC PESSOA S/ CNH/PERMISSAO P/ DIRIGIR","ART 163","GRAVISSIMA","PROPRIETARIO","ESTADUAL",7,"574,62"
50700,"ENTREGAR DIREC VEIC PESSOA C/ CNH/PERMISSAO CASSADA","ART 163","GRAVISSIMA","PROPRIETARIO","ESTADUAL",7,"957,7"
50880,"ENTREGAR DIREC VEIC PESSOA CNH/PERMISSAO CAT DIFERENTE","ART 163","GRAVISSIMA","PROPRIETARIO","ESTADUAL",7,"574,62"
50960,"ENTREGAR DIREC VEIC PESSOA CNH/PERMISSAO VENCIDA + 30DIAS","ART 163","GRAVISSIMA","PROPRIETARIO","ESTADUAL",7,"191,54"
51000,"ENTREGAR DIREC VEIC PESSOA S/ LENTES,ETC IMPOSTAS LICENCA","ART 163","GRAVISSIMA","PROPRIETARIO","ESTADUAL",7,"191,54"
51180,"PERMITIR TOME POSSE VEIC PESSOA S/ CNH PERMISSAO P/DIRIGIR","ART 164","GRAVISSIMA","PROPRIETARIO","ESTADUAL",7,"574,62"
51260,"PERMITIR TOME POSSE VEIC PESSOA C/ CNH/PERMISSAO CASSADA","ART 164","GRAVISSIMA","PROPRIETARIO","ESTADUAL",7,"957,7"
51340,"PERMITIR TOME POSSE VEIC PESSOA CNH/PERMISSAO CAT DIFERENT","ART 164","GRAVISSIMA","PROPRIETARIO","ESTADUAL",7,"574,62"
51420,"PERMITIR TOME POSSE VEIC PESSOA CNH/PERMISSAO VENC + 30DIA","ART 164","GRAVISSIMA","PROPRIETARIO","ESTADUAL",7,"191,54"
51500,"PERMITIR TOME POSSE VEIC PESSOA S/ LENTES,ETC IMPOSTAS LIC","ART 164","GRAVISSIMA","PROPRIETARIO","ESTADUAL",7,"191,54"
51690,"DIRIGIR SOB INFLUENCIA ALCOOL NIVEL SUP. OU ENTORPECENTE","ART 165","GRAVISSIMA","CONDUTOR","ESTADUAL",7,"957,7"
51770,"ENTREGAR VEIC A PESSOA NAO ESTIVER CONDICOES DE DIRIGIR","ART 166","GRAVISSIMA","PROPRIETARIO","ESTADUAL",7,"191,54"
51850,"DEIXAR O CONDUTOR/PASSAGEIRO DE USAR O CINTO DE SEGURANCA","ART 167","GRAVE","CONDUTOR","MUNICIPAL/ESTADUAL",5,"127,69"
51930,"TRANSPORTAR CRIANCAS EM VEIC S/ OBSERVAR NORMAS","ART 168","GRAVISSIMA","CONDUTOR","MUNICIPAL/ESTADUAL",7,"191,54"
52070,"DIRIGIR SEM OS CUIDADOS INDISPENSAVEIS A SEGURANCA","ART 169","LEVE","CONDUTOR","MUNICIPAL/ESTADUAL",3,"53,2"
52150,"DIRIGIR AMEACANDO PEDESTRES ESTEJAM NA VIA PUBLICA","ART 170","GRAVISSIMA","CONDUTOR","MUNICIPAL/ESTADUAL",7,"191,54"
52230,"USAR VEIC PARA ARREMESSAR SOBRE PEDESTRES AGUA, ETC","ART 171","MEDIA","CONDUTOR","MUNICIPAL",4,"85,13"
52310,"ATIRAR OU ABANDONAR NA VIA OBJETOS OU SUBSTANCIAS","ART 172","MEDIA","CONDUTOR","MUNICIPAL",4,"85,13"
52400,"DISPUTAR CORRIDA POR ESPIRITO DE EMULACAO","ART 173","GRAVISSIMA","CONDUTOR","MUNICIPAL/ESTADUAL",7,"574,62"
52580,"PROMOVER NA VIA COMPETICAO, EVENTOS, ETC S/ PERMISSAO","ART 174","GRAVISSIMA","PESSOA FISICA","MUNICIPAL",7,"957,7"
52660,"PARTICIPAR NA VIA COMO CONDUTOR DE COMPETICAO, EVENTOS","ART 174","GRAVISSIMA","CONDUTOR","MUNICIPAL",7,"191,54"
52740,"UTILIZAR-SE DE VEIC P/ DEMONSTRAR MANOBRA PERIGOSA","ART 175FONT>","GRAVISSIMA","CONDUTOR","ESTADUAL",7,"191,54"
52820,"EM ACIDENTE, NAO PRESTAR SOCORRO A VITIMA","ART 176, I","GRAVISSIMA","CONDUTOR","ESTADUAL",7,"957,7"
52900,"EM ACIDENTE, NAO ADOTAR PROVIDENCIAS P/ EVITAR PERIGO","ART 176, II","GRAVISSIMA","CONDUTOR","ESTADUAL",7,"957,7"
53040,"EM ACIDENTE, NAO PRESERVAR O LOCAL P/ FACILITAR TRABALHO","ART 176, III","GRAVISSIMA","CONDUTOR","ESTADUAL",7,"957,7"
53120,"EM ACIDENTE, NAO ADOTAR PROVIDENCIAS P/ REMOVER VEIC","ART 176, IV","GRAVISSIMA","CONDUTOR","ESTADUAL",7,"957,7"
53200,"EM ACIDENTE, NAO IDENTIFICAR-SE AO POLICIAL","ART 176, V","GRAVISSIMA","CONDUTOR","ESTADUAL",7,"957,7"
53390,"DEIXAR O CONDUTOR DE PRESTAR SOCORRO A VITIMA QDO SOLIC","ART 177","GRAVE","CONDUTOR","MUNICIPAL/ESTADUAL",5,"127,69"
53470,"DEIXAR DE REMOVER VEICULO ENVOLVIDO EM ACIDENTE SEM VITIMA","ART 178","MEDIA","CONDUTOR","MUNICIPAL",4,"85,13"
53550,"REPARAR VEIC EM ROD E VIA TRANS RAPIDO QDO POSS REMOCAO","ART 179, I","GRAVE","CONDUTOR","MUNICIPAL",5,"127,69"
53630,"REPARAR VEICULO NAS DEMAIS VIAS QUANDO POSSIVEL REMOCAO","ART 179, II","LEVE","CONDUTOR","MUNICIPAL",3,"53,2"
53710,"VEICULO IMOBILIZADO NA VIA POR FALTA DE COMBUSTIVEL","ART 180","MEDIA","CONDUTOR","MUNICIPAL",4,"85,13"
53800,"ESTACIONAR A MENOS DE 5M DO ALINHAMENTO DA VIA TRANSVERSAL","ART 181, I","MEDIA","CONDUTOR","MUNICIPAL",4,"85,13"
53980,"ESTACIONAR AFASTADO DA GUIA DE 50CM A 1M","ART 181, II","LEVE","CONDUTOR","MUNICIPAL",3,"53,2"
54010,"ESTACIONAR AFASTADO DA GUIA A MAIS DE 1M","ART 181, III","GRAVE","CONDUTOR","MUNICIPAL",5,"127,69"
54100,"ESTACIONAR EM DESACORDO COM O ESTABELECIDO PELO CODIGO","ART 181, IV","MEDIA","CONDUTOR","MUNICIPAL",4,"85,13"
54280,"ESTACIONAR NA PISTA DE ROLAMENTO DAS VIAS COM ACOSTAMENTO","ART 181, V","GRAVISSIMA","CONDUTOR","MUNICIPAL",7,"191,54"
54360,"ESTACIONAR VEIC JUNTO A HIDRANTES, REGISTROS, ETC","ART 181, VI","MEDIA","CONDUTOR","MUNICIPAL",4,"85,13"
54361,"ESTACIONAR JUNTO/SOBRE HIDRANTE","ART 181, VI","MEDIA","CONDUTOR","MUNICIPAL",4,"85,13"
54362,"ESTACIONAR JUNTO/SOBRE REGISTRO DE AGUA","ART 181, VI","MEDIA","CONDUTOR","MUNICIPAL",4,"85,13"
54363,"ESTACIONAR JUNTO/SOBRE TAMPA DE PV DE GALERIA SUBTERRANEA","ART 181, VI","MEDIA","CONDUTOR","MUNICIPAL",4,"85,13"
54440,"ESTACIONAR NO ACOSTAMENTO","ART 181, VII","LEVE","CONDUTOR","MUNICIPAL",3,"53,2"
54520,"ESTACIONAR VEIC NO PASSEIO, FAIXA DE PEDESTRES, ETC","ART 181, VIII","GRAVE","CONDUTOR","MUNICIPAL",5,"127,69"
54521,"ESTACIONAR NO PASSEIO","ART 181, VIII","GRAVE","CONDUTOR","MUNICIPAL",5,"127,69"
54522,"ESTACIONAR SOBRE FAIXA DE PEDESTRES","ART 181, VIII","GRAVE","CONDUTOR","MUNICIPAL",5,"127,69"
54523,"ESTACIONAR SOBRE CICLOVIA OU CICLO FAIXA","ART 181, VIII","GRAVE","CONDUTOR","MUNICIPAL",5,"127,69"
54524,"ESTACIONAR AO LADO OU SOBRE CANTEIRO CENTRAL, ILHAS,ETC","ART 181, VIII","GRAVE","CONDUTOR","MUNICIPAL",5,"127,69"
54525,"ESTACIONAR SOBRE GRAMADO OU JARDIM PUBLICO","ART 181, VIII","GRAVE","CONDUTOR","MUNICIPAL",5,"127,69"
54600,"ESTACIONAR DIANTE GUIA REBAIXADA ENTRADA/SAIDA VEICULOS","ART 181, IX","MEDIA","CONDUTOR","MUNICIPAL",4,"85,13"
54790,"ESTACIONAR IMPEDINDO MOVIMENTACAO DE OUTRO VEICULO","ART 181, X","MEDIA","CONDUTOR","MUNICIPAL",4,"85,13"
54870,"ESTACIONAR AO LADO DE OUTRO VEICULO(FILA DUPLA)","ART 181, XI","GRAVE","CONDUTOR","MUNICIPAL",5,"127,69"
54950,"ESTACIONAR NO CRUZAMENTO PREJUDICANDO CIRC VEIC/PEDESTRES","ART 181, XII","GRAVE","CONDUTOR","MUNICIPAL",5,"127,69"
55090,"ESTACIONAR JUNTO PONTO EMB/DESEMB TRANSPORTE COLETIVO","ART 181, XIII","MEDIA","CONDUTOR","MUNICIPAL",4,"85,13"
55170,"ESTACIONAR O VEICULO NOS VIADUTOS, PONTES E TUNEIS","ART 181, XIV","GRAVE","CONDUTOR","MUNICIPAL",5,"127,69"
55171,"ESTACIONAR VEICULO EM VIADUTO","ART 181, XIV","GRAVE","CONDUTOR","MUNICIPAL",5,"127,69"
55172,"ESTACIONAR VEICULO EM PONTE","ART 181, XIV","GRAVE","CONDUTOR","MUNICIPAL",5,"127,69"
55173,"ESTACIONAR VEICULO EM TUNEL","ART 181, XIV","GRAVE","CONDUTOR","MUNICIPAL",5,"127,69"
55250,"ESTACIONAR O VEICULO NA CONTRAMAO DE DIRECAO","ART 181, XV","MEDIA","CONDUTOR","MUNICIPAL",4,"85,13"
55330,"ESTACIONAR EM ACLIVE/DECLIVE S/ CALCO (VEIC ACIMA 3500KG)","ART 181, XVI","GRAVE","CONDUTOR","MUNICIPAL",5,"127,69"
55410,"ESTACIONAR EM DESACORDO COM A REGULAMENTACAO","ART 181, XVII","LEVE","CONDUTOR","MUNICIPAL",3,"53,2"
55500,"ESTACIONAR EM LOCAL/HORARIO PROIBIDOS PELA SINALIZACAO","ART 181, XVIII","MEDIA","CONDUTOR","MUNICIPAL",4,"85,13"
55680,"ESTACIONAR EM LOCAL/HORA COM SINALIZ PROIBIDO PARADA/ESTAC","ART 181, XIX","GRAVE","CONDUTOR","MUNICIPAL",5,"127,69"
55760,"PARAR A MENOS DE 5M DO ALINHAMENTO DA VIA TRANSVERSAL","ART 182, I","MEDIA","CONDUTOR","MUNICIPAL",4,"85,13"
55840,"PARAR AFASTADO DA GUIA DE 50CM A 1M","ART 182, II","LEVE","CONDUTOR","MUNICIPAL",3,"53,2"
55920,"PARAR AFASTADO DA GUIA A MAIS DE 1M","ART 182, III","MEDIA","CONDUTOR","MUNICIPAL",4,"85,13"
56060,"PARAR EM DESACORDO COM ESTABELECIDO PELO CODIGO","ART 182, IV","LEVE","CONDUTOR","MUNICIPAL",3,"53,2"
56140,"PARAR NA PISTA DE ROLAMENTO DAS VIAS COM ACOSTAMENTO","ART 182, V","GRAVE","CONDUTOR","MUNICIPAL",5,"127,69"
56220,"PARAR VEIC NO PASSEIO OU FAIXA DE PEDESTRES, ETC","ART 182, VI","LEVE","CONDUTOR","MUNICIPAL",3,"53,2"
56221,"PARAR NO PASSEIO","ART 182, VI","LEVE","CONDUTOR","MUNICIPAL",3,"53,2"
56222,"PARAR SOBRE A FAIXA DE PEDESTRE","ART 182, VI","LEVE","CONDUTOR","MUNICIPAL",3,"53,2"
56223,"PARAR EM ILHAS, CANTEIRO CENTRAL E MARCAS DE CANALIZACAO","ART 182, VI","LEVE","CONDUTOR","MUNICIPAL",3,"53,2"
56300,"PARAR NA AREA CRUZAMENTO PREJUD CIRC VEICULOS/PEDESTRES","ART 182, VII","MEDIA","CONDUTOR","MUNICIPAL",4,"85,13"
56490,"PARAR VEIC NOS VIADUTOS, PONTES E TUNEIS","ART 182, VIII","MEDIA","CONDUTOR","MUNICIPAL",4,"85,13"
56491,"PARAR VEICULO EM VIADUTOS","ART 182, VIII","MEDIA","CONDUTOR","MUNICIPAL",4,"85,13"
56492,"PARAR VEICULO EM PONTES","ART 182, VIII","MEDIA","CONDUTOR","MUNICIPAL",4,"85,13"
56493,"PARAR VEICULO EM TUNEIS","ART 182, VIII","MEDIA","CONDUTOR","MUNICIPAL",4,"85,13"
56570,"PARAR VEICULO NA CONTRAMAO DE DIRECAO","ART 182, IX","MEDIA","CONDUTOR","MUNICIPAL",4,"85,13"
56650,"PARAR EM LOCAL/HORA PROIBIDO PELA SINALIZACAO","ART 182, X","MEDIA","CONDUTOR","MUNICIPAL",4,"85,13"
56730,"PARAR SOBRE FAIXA DE PEDESTRE NA MUDANCA DE SEMAFORO(ELET)","ART 183","MEDIA","CONDUTOR","MUNICIPAL",4,"85,13"
56731,"PARAR VEIC SOBRE FX DE PEDESTRE MUDANCA DE SEMAFORO","ART 183","MEDIA","CONDUTOR","MUNICIPAL",4,"85,13"
56810,"TRANSITAR C/ VEIC NA FAIXA DIREITA DE CIRCULACAO EXCLUSIVA","ART 184, I","LEVE","CONDUTOR","MUNICIPAL",3,"53,2"
56900,"TRANSITAR C/VEIC NA FAIXA ESQUERDA DE CIRCULACAO EXCLUSIVA","ART 184, II","GRAVE","CONDUTOR","MUNICIPAL",5,"127,69"
57030,"QDO VEIC EM MOV DEIXAR DE CONSERVA-LO FAIXA DESTINADA","ART 185, I","MEDIA","CONDUTOR","MUNICIPAL",4,"85,13"
57110,"QDO VEIC LENTO DEIXAR DE CONSERVA-LO NAS FAIXAS DA DIREITA","ART 185, II","MEDIA","CONDUTOR","MUNICIPAL",4,"85,13"
57200,"TRANSITAR PELA CONTRAMAO EM VIAS DE DUPLO SENTIDO","ART 186, I","GRAVE","CONDUTOR","MUNICIPAL",5,"127,69"
57380,"TRANSITAR PELA CONTRAMAO VIAS C/ SINALIZ SENTIDO UNICO","ART 186, II","GRAVISSIMA","CONDUTOR","MUNICIPAL",7,"191,54"
57460,"TRANSITAR LOCAL/HORARIO NAO PERMITIDO","ART 187, I","MEDIA","CONDUTOR","MUNICIPAL",4,"85,13"
57540,"TRANSITAR LOCAL/HORARIO NAO PERMITIDO PARA CAMINHOES,ONIB","ART 187, II","GRAVE","CONDUTOR","MUNICIPAL",5,"127,69"
57620,"TRANSITAR AO LADO DE OUTRO VEIC INTERROMPENDO O TRANSITO","ART 188","MEDIA","CONDUTOR","MUNICIPAL",4,"85,13"
57700,"DEIXAR DE DAR PASSAGEM VEIC SOCORRO, DE INCENDIO E SALVAM","ART 189","GRAVISSIMA","CONDUTOR","MUNICIPAL/ESTADUAL",7,"191,54"
57701,"NAO DAR PASSAGEM A VEICULO PRECEDIDO BATEDORES","ART 189","GRAVISSIMA","CONDUTOR","MUNICIPAL/ESTADUAL",7,"191,54"
57702,"NAO DAR PASSAGEM A VEIC DE SOCORRO INCENDIO/SALVAMENTO","ART 189","GRAVISSIMA","CONDUTOR","MUNICIPAL/ESTADUAL",7,"191,54"
57703,"NAO DAR PASSAGEM A VEICULO DE POLICIA","ART 189","GRAVISSIMA","CONDUTOR","MUNICIPAL/ESTADUAL",7,"191,54"
57704,"NAO DAR PASSAGEM A VEIC OPER E FISCAL DE TRANSITO","ART 189","GRAVISSIMA","CONDUTOR","MUNICIPAL/ESTADUAL",7,"191,54"
57705,"NAO DAR PASSAGEM A AMBULANCIAS","ART 189","GRAVISSIMA","CONDUTOR","MUNICIPAL/ESTADUAL",7,"191,54"
57890,"SEGUIR VEIC EM SERVICO DE URGENCIA C/PRIORIDADE PASSAGEM","ART 190","GRAVE","CONDUTOR","MUNICIPAL",5,"127,69"
57970,"FORCAR PASSAGEM ENTRE VEICULOS TRANS SENTIDO OPOSTO","ART 191","GRAVISSIMA","CONDUTOR","MUNICIPAL",7,"191,54"
58000,"DEIXAR DE GUARDAR DIST LAT E FRONTAL ENTRE VEIC OU BORDO","ART 192","GRAVE","CONDUTOR","MUNICIPAL",5,"127,69"
58190,"TRANSITAR C/ O VEIC EM CALCADAS, PASSEIOS, PASSARELAS","ART 193","GRAVISSIMA","CONDUTOR","MUNICIPAL",7,"574,62"
58191,"TRANSITAR EM CALCADAS, PASSEIOS E PASSARELAS","ART 193","GRAVISSIMA","CONDUTOR","MUNICIPAL",7,"574,62"
58192,"TRANSITAR EM CICLOVIAS/CICLOFAIXAS","ART 193","GRAVISSIMA","CONDUTOR","MUNICIPAL",7,"574,62"
58193,"TRANSITAR EM AJARDINAMENTOS, GRAMADOS E JARDINS PUBLICOS","ART 193","GRAVISSIMA","CONDUTOR","MUNICIPAL",7,"574,62"
58194,"TRANSITAR EM CANTEIRO CENTRAL/ACOSTAMENTO/MARCA CANALIZAC","ART 193","GRAVISSIMA","CONDUTOR","MUNICIPAL",7,"574,62"
58270,"TRANSITAR EM MARCHA A RE SALVO EM PEQUENAS MANOBRAS","ART 194","GRAVE","CONDUTOR","MUNICIPAL",5,"127,69"
58350,"DESOBEDECER ORDEM DA AUTORIDADE/AGENTE DE TRANSITO","ART 195","GRAVE","CONDUTOR","MUNICIPAL/ESTADUAL",5,"127,69"
58430,"DEIXAR DE INDICAR MEDIANTE GESTO REALIZACAO DE MANOBRA","ART 196","GRAVE","CONDUTOR","MUNICIPAL/ESTADUAL",5,"127,69"
58431,"NAO FAZER SINAL BRACO/LUMINOSO ANTES DE INICIAR MARCHA","ART 196","GRAVE","CONDUTOR","MUNICIPAL/ESTADUAL",5,"127,69"
58432,"NAO FAZER SINAL BRACO/LUMINOSO ANTES DE PARAR VEICULO","ART 196","GRAVE","CONDUTOR","MUNICIPAL/ESTADUAL",5,"127,69"
58433,"NAO FAZER SINAL BRACO/LUMINOSO ANTES DE MUDAR DE DIRECAO","ART 196","GRAVE","CONDUTOR","MUNICIPAL/ESTADUAL",5,"127,69"
58434,"NAO FAZER SINAL BRACO/LUMINOSO ANTES DE MUDAR DE FAIXA","ART 196","GRAVE","CONDUTOR","MUNICIPAL/ESTADUAL",5,"127,69"
58510,"DEIXAR DE DESLOCAR VEIC P/ MAIS ESQ OU DIR QDO MANOBRA","ART 197","MEDIA","CONDUTOR","MUNICIPAL",4,"85,13"
58511,"NAO DESLOCAR VEIC C/ ANTECEDENCIA P/ MANOBRAR A ESQUERDA","ART 197","MEDIA","CONDUTOR","MUNICIPAL",4,"85,13"
58512,"NAO DESLOCAR VEIC C/ ANTECEDENCIA P/ MANOBRAR A DIREITA","ART 197","MEDIA","CONDUTOR","MUNICIPAL",4,"85,13"
58600,"NAO DAR PASSAGEM PELA ESQUERDA QUANDO SOLICITADO","ART 198","MEDIA","CONDUTOR","MUNICIPAL",4,"85,13"
58780,"ULTRAPASSAR PELA DIREITA","ART 199","MEDIA","CONDUTOR","MUNICIPAL",4,"85,13"
58860,"ULTRAPASSAR P/DIR VEIC TRANSP COL/ESC PARADO P/ EMB/DESEMB","ART 200","GRAVISSIMA","CONDUTOR","MUNICIPAL",7,"191,54"
58940,"NAO GUARDAR DISTANCIA LATERAL AO ULTRAPASSAR BICICLETA","ART 201","MEDIA","CONDUTOR","MUNICIPAL",4,"85,13"
59080,"ULTRAPASSAR VEICULO PELO ACOSTAMENTO","ART 202, I","GRAVE","CONDUTOR","MUNICIPAL",5,"127,69"
59160,"ULTRAPASSAR VEICULO EM INTERSECOES E PASSAGENS DE NIVEL","ART 202, II","GRAVE","CONDUTOR","MUNICIPAL",5,"127,69"
59240,"ULTRAPASSAR PELA CONTRAMAO VEIC NAS CURVAS S/ VISIBILIDADE","ART 203, I","GRAVISSIMA","CONDUTOR","MUNICIPAL",7,"191,54"
59241,"ULTRAPASSAR PELA CONTRAMAO EM CURVA SEM VISIBILIDADE","ART 203, I","GRAVISSIMA","CONDUTOR","MUNICIPAL",7,"191,54"
59242,"ULTREPASSAR P/CONTRAMAO EM ACLIVE/DECLIVE S/VISIBILIDADE","ART 203, I","GRAVISSIMA","CONDUTOR","MUNICIPAL",7,"191,54"
59320,"ULTRAPASSAR PELA CONTRAMAO NA FAIXA DE PEDESTRES","ART 203, II","GRAVISSIMA","CONDUTOR","MUNICIPAL",7,"191,54"
59400,"ULTRAPASSAR PELA CONTRAMAO VEIC NAS PONTES, VIADUTOS, ETC","ART 203, III","GRAVISSIMA","CONDUTOR","MUNICIPAL",7,"191,54"
59401,"ULTRAPASSAR PELA CONTRAMAO EM PONTES","ART 203, III","GRAVISSIMA","CONDUTOR","MUNICIPAL",7,"191,54"
59402,"ULTRAPASSAR PELA CONTRAMAO EM VIADUTOS","ART 203, III","GRAVISSIMA","CONDUTOR","MUNICIPAL",7,"191,54"
59403,"ULTRAPASSAR PELA CONTRAMAO EM TUNEIS","ART 203, III","GRAVISSIMA","CONDUTOR","MUNICIPAL",7,"191,54"
59590,"ULTRAP PELA CONTRAMAO VEIC PARADO EM FILA, JUNTO A SINALIZ","ART 203, IV","GRAVISSIMA","CONDUTOR","MUNICIPAL",7,"191,54"
59591,"ULTRAPASSAR P/CONTRAMAO VEICULO PARADO JUNTO A SEMAFORO","ART 203, IV","GRAVISSIMA","CONDUTOR","MUNICIPAL",7,"191,54"
59592,"ULTRAPASSAR P/CONTRAMAO VEICULO PARADO JUNTO A PORTEIRA","ART 203, IV","GRAVISSIMA","CONDUTOR","MUNICIPAL",7,"191,54"
59593,"ULTRAPASSAR P/CONTRAMAO VEICULO PARADO JUNTO A CANCELA","ART 203, IV","GRAVISSIMA","CONDUTOR","MUNICIPAL",7,"191,54"
59594,"ULTRAPASSAR P/CONTRAMAO VEICULO PARADO JUNTO A CRUZAMENTO","ART 203, IV","GRAVISSIMA","CONDUTOR","MUNICIPAL",7,"191,54"
59595,"ULTRAPASSAR P/CONTRAMAO VEICULO PARADO IMPEDINDO LIVRE CIR","ART 203, IV","GRAVISSIMA","CONDUTOR","MUNICIPAL",7,"191,54"
59670,"ULTRAPASSAR SOBRE LINHA DUPLA/SIMPLES AMARELA CONTINUA","ART 203, V","GRAVISSIMA","CONDUTOR","MUNICIPAL",7,"191,54"
59750,"NAO PARAR NO ACOSTAMENTO A DIR P/CRUZAR A PISTA A ESQUERDA","ART 204","GRAVE","CONDUTOR","MUNICIPAL",5,"127,69"
59830,"ULTRAPASSAR VEICULO DE CORTEJO/DESFILE/FORMACOES MILITARES","ART 205","LEVE","CONDUTOR","MUNICIPAL",3,"53,2"
59910,"EXECUTAR RETORNO EM LOCAL PROIBIDO PELA SINALIZACAO","ART 206, I","GRAVISSIMA","CONDUTOR","MUNICIPAL",7,"191,54"
60090,"EXECUTAR OPERACAO DE RETORNO NAS CURVAS, ACLIVES, ETC","ART 206, II","GRAVISSIMA","CONDUTOR","MUNICIPAL",7,"191,54"
60091,"EXECUTAR RETORNO EM CURVA","ART 206, II","GRAVISSIMA","CONDUTOR","MUNICIPAL",7,"191,54"
60092,"EXECUTAR RETORNO EM ACLIVE/DECLIVE","ART 206, II","GRAVISSIMA","CONDUTOR","MUNICIPAL",7,"191,54"
60093,"EXECUTAR RETORNO EM PONTES/VIADUTOS/TUNEIS","ART 206, II","GRAVISSIMA","CONDUTOR","MUNICIPAL",7,"191,54"
60170,"RETORNAR SOBRE CALCADA/CANTEIRO/JARDIM/FAIXA PEDESTRE","ART 206, III","GRAVISSIMA","CONDUTOR","MUNICIPAL",7,"191,54"
60250,"RETORNAR EM INTERSECOES PELA CONTRAMAO DA TRANSVERSAL","ART 206, IV","GRAVISSIMA","CONDUTOR","MUNICIPAL",7,"191,54"
60330,"EXECUTAR OPERACAO DE RETORNO C/ PREJUIZO DA SEGURANCA","ART 206, V","GRAVISSIMA","CONDUTOR","MUNICIPAL",7,"191,54"
60331,"EXECUTAR RETORNO COM PREJUIZO DA LIVRE CIRCULACAO","ART 206, V","GRAVISSIMA","CONDUTOR","MUNICIPAL",7,"191,54"
60332,"EXECUTAR RETORNO COM PREJUIZO DA SEGURANCA","ART 206, V","GRAVISSIMA","CONDUTOR","MUNICIPAL",7,"191,54"
60410,"EXECUTAR OPER DE CONVERSAO A DIR OU A ESQ LOCAIS PROIBIDOS","ART 207","GRAVE","CONDUTOR","MUNICIPAL",5,"127,69"
60411,"EXECUTAR CONVERSAO A DIREITA EM LOCAL PROIBIDO","ART 207","GRAVE","CONDUTOR","MUNICIPAL",5,"127,69"
60412,"EXECUTAR CONVERSAO A ESQUERDA EM LOCAL PROIBIDO","ART 207","GRAVE","CONDUTOR","MUNICIPAL",5,"127,69"
60501,"AVANCAR O SINAL VERMELHO DO SEMAFORO","ART 208","GRAVISSIMA","CONDUTOR","MUNICIPAL",7,"191,54"
60502,"AVANCAR O SINAL DE PARADA OBRIGATORIA","ART 208","GRAVISSIMA","CONDUTOR","MUNICIPAL",7,"191,54"
60503,"AVANCAR O SINAL VERMELHO DO SEMAFORO – FISCALIZAÇÃO ELETRONICA","ART 208","GRAVISSIMA","CONDUTOR","MUNICIPAL",7,"191,54"
60681,"TRANSPOR BLOQUEIO VIARIO COM OU SEM SINALIZACAO OU DISPOSITIVOS AUXILIARES","ART 209","GRAVE","CONDUTOR","MUNICIPAL/ESTADUAL",5,"127,69"
60682,"DEIXAR DE ADENTRAR AS AREAS DESTINADAS A PESAGEM DE VEICULOS","ART 209","GRAVE","CONDUTOR","MUNICIPAL/ESTADUAL",5,"127,69"
60683,"EVADIR-SE SEM PAGAR PEDAGIO","ART 209","GRAVE","CONDUTOR","MUNICIPAL/ESTADUAL",5,"127,69"
60760,"TRANSPOR BLOQUEIO VIARIO POLICIAL","ART 210","GRAVISSIMA","CONDUTOR","MUNICIPAL/ESTADUAL",7,"191,54"
60841,"ULTRAPASSAR VEICULOS MOTORIZADOS EM FILA, PARADOS EM RAZAO DE SINAL LUMINOSO","ART 211","GRAVE","CONDUTOR","MUNICIPAL/ESTADUAL",5,"127,69"
60842,"ULTRAPASSAR VEICULOS MOTORIZADOS EM FILA, PARADOS EM RAZAO DE CANCELA","ART 211","GRAVE","CONDUTOR","MUNICIPAL/ESTADUAL",5,"127,69"
60843,"ULTRAPASSAR VEICULOS MOTORIZADOS EM FILA, PARADOS EM RAZAO DE BLOQUEIO VIARIO PARCIAL","ART 211","GRAVE","CONDUTOR","MUNICIPAL/ESTADUAL",5,"127,69"
60844,"ULTRAPASSAR VEICULOS MOTORIZADOS EM FILA, PARADOS EM RAZAO DE QUALQUER BLOQUEIO","ART 211","GRAVE","CONDUTOR","MUNICIPAL/ESTADUAL",5,"127,69"
60920,"NAO PARAR ANTES DE TRANSPOR LINHA FERREA","ART 212","GRAVISSIMA","CONDUTOR","MUNICIPAL",7,"191,54"
61060,"NAO PARAR QUANDO INTERCEPTADO POR AGRUPAMENTOS DE PESSOAS","ART 213, I","GRAVISSIMA","CONDUTOR","MUNICIPAL",7,"191,54"
61140,"NAO PARAR QUANDO INTERCEPTADO POR AGRUPAMENTOS DE VEICULOS","ART 213, II","GRAVE","CONDUTOR","MUNICIPAL",5,"127,69"
61220,"DEIXAR DE DAR PREFERENCIA EM FAIXA DESTINADA A PEDESTRE","ART 214, I","GRAVISSIMA","CONDUTOR","MUNICIPAL",7,"191,54"
61221,"NAO DAR PREFERENCIA A PEDESTRES NA FAIXA DESTINADA","ART 214, I","GRAVISSIMA","CONDUTOR","MUNICIPAL",7,"191,54"
61222,"NAO DAR PREF A VEIC NAO MOTORIZADO NA FAIXA DESTINADA","ART 214, I","GRAVISSIMA","CONDUTOR","MUNICIPAL",7,"191,54"
61300,"DEIXAR DE DAR PREF A PEDESTRE QUE NAO CONCLUIU TRAVESSIA","ART 214, II","GRAVISSIMA","CONDUTOR","MUNICIPAL",7,"191,54"
61301,"NAO DAR PREFERENCIA A PEDESTRE QUE NAO CONCLUI TRAVESSIA","ART 214, II","GRAVISSIMA","CONDUTOR","MUNICIPAL",7,"191,54"
61302,"NAO DAR PREFERENCIA A VEIC NAO MOTORIZADO NAO CONCLUIU TRA","ART 214, II","GRAVISSIMA","CONDUTOR","MUNICIPAL",7,"191,54"
61490,"DEIXAR DE DAR PREFER A PEDESTRE PORTADOR DEFIC FISICA","ART 214, III","GRAVISSIMA","CONDUTOR","MUNICIPAL",7,"191,54"
61491,"NAO DAR PREFERENCIA A DEFICIENTE/CRIANCA/IDOSO/GESTANTE","ART 214, III","GRAVISSIMA","CONDUTOR","MUNICIPAL",7,"191,54"
61492,"NAO DAR PREFERENCIA A VEIC NAO MOTOR C/DEF/CRIAN/IDOS/GEST","ART 214, III","GRAVISSIMA","CONDUTOR","MUNICIPAL",7,"191,54"
61570,"DEIXAR DE DAR PREFERENCIA A PEDESTRE INICIOU TRAVESSIA","ART 214, IV","GRAVE","CONDUTOR","MUNICIPAL",5,"127,69"
61571,"NAO DAR PREFERENCIA A PEDESTRE QDO INICIADA TRAVESSIA","ART 214, IV","GRAVE","CONDUTOR","MUNICIPAL",5,"127,69"
61572,"NAO DAR PREF A VEIC NAO MOTOR QDO INICIADA TRAVESSIA","ART 214, IV","GRAVE","CONDUTOR","MUNICIPAL",5,"127,69"
61650,"DEIXAR DE DAR PREFERENCIA A PEDESTRE ATRAVESSANDO A VIA","ART 214, V","GRAVE","CONDUTOR","MUNICIPAL",5,"127,69"
61651,"NAO DAR PREFERENCIA A PEDESTRE ATRAVESSANDO A TRANSVERSAL","ART 214, V","GRAVE","CONDUTOR","MUNICIPAL",5,"127,69"
61652,"NAO DAR PREF A VEIC NAO MOTOR ATRAVESSANDO A TRANSVERSAL","ART 214, V","GRAVE","CONDUTOR","MUNICIPAL",5,"127,69"
61730,"DEIXAR DE DAR PREF EM INTERSECAO NAO SINALIZ.A VEIC CIRCUL","ART 215, I","GRAVE","CONDUTOR","MUNICIPAL",5,"127,69"
61731,"NAO DAR PREFERENCIA A VEIC CIRC POR RODOVIA/ROTATORIA","ART 215, I","GRAVE","CONDUTOR","MUNICIPAL",5,"127,69"
61732,"NAO DAR PREFERENCIA A VEIC VINDO DA DIREITA","ART 215, I","GRAVE","CONDUTOR","MUNICIPAL",5,"127,69"
61810,"NAO DAR PREF SINALIZADA DE PREFERENCIA","ART 215, II","GRAVE","CONDUTOR","MUNICIPAL",5,"127,69"
61900,"ENTRAR SAIR DE AREAS LINDEIRAS S/PREOCUPACAO C/A SEGURANCA","ART 216","MEDIA","CONDUTOR","MUNICIPAL",4,"85,13"
62030,"ENTRAR/SAIR FILA ESTAC S/DAR PREF PASSAGEM","ART 217","MEDIA","CONDUTOR","MUNICIPAL",4,"85,13"
62110,"TRANS VELOC SUP MAX PERM P/ROD TRAN RAP/ARTERIAL ATE 20%","ART 218, I A","GRAVE","CONDUTOR","MUNICIPAL",5,"127,69"
62200,"TRANS VELOC SUP MAX PERM P/ROD TRAN RAP/ARTERIAL MAIS 20%","ART 218, I B","GRAVISSIMA","CONDUTOR","MUNICIPAL",7,"574,62"
62380,"TRANS VELOC SUP MAX PERM P/VIA EM ATE 50%","ART 218, II A","GRAVE","CONDUTOR","MUNICIPAL",5,"127,69"
62460,"TRANS VELOC SUP MAX PERM P/VIA EM MAIS DE 50%","ART 218, II B","GRAVISSIMA","CONDUTOR","MUNICIPAL",7,"574,62"
62540,"TRANSITAR COM VELOC INFERIOR A METADE DA MAX P/A VIA","ART 219","MEDIA","CONDUTOR","MUNICIPAL",4,"85,13"
62620,"VELOCIDADE INCOMPATIVEL PROX PASSEATAS, DESFILES ETCS","ART 220, I","GRAVISSIMA","CONDUTOR","MUNICIPAL",7,"191,54"
62700,"VELOCIDADE INCOMPATIVEL EM LOCAL CONTROLADO POR AGENTE","ART 220, II","GRAVE","CONDUTOR","MUNICIPAL",5,"127,69"
62890,"VELOCIDADE INCOMPATIVEL PROX DA GUIA OU ACOSTAMENTO","ART 220, III","GRAVE","CONDUTOR","MUNICIPAL",5,"127,69"
62970,"VELOCIDADE INCOMPATIVEL EM INTERSECAO NAO SINALIZADA","ART 220, IV","GRAVE","CONDUTOR","MUNICIPAL",5,"127,69"
63000,"VELOCIDADE INCOMPATIVEL NAS VIAS RURAIS","ART 220, V","GRAVE","CONDUTOR","MUNICIPAL",5,"127,69"
63190,"VELOCIDADE INCOMPATIVEL EM CURVAS DE PEQUENO RAIO","ART 220, VI","GRAVE","CONDUTOR","MUNICIPAL",5,"127,69"
63270,"VELOCIDADE INCOMPATIVEL PROX OBRA/TRABALHADOR NA PISTA","ART 220, VII","GRAVE","CONDUTOR","MUNICIPAL",5,"127,69"
63350,"VELOCIDADE INCOMPATIVEL SOB CHUVA/NEBLINA/VENTO FORTE","ART 220, VIII","GRAVE","CONDUTOR","MUNICIPAL",5,"127,69"
63430,"VELOCIDADE INCOMPATIVEL QUANDO HOUVER MA VISIBILIDADE","ART 220, IX","GRAVE","CONDUTOR","MUNICIPAL",5,"127,69"
63510,"VELOCIDADE INCOMPATIVEL QDO PAV ESCORREGADIO/DEFEITUOSO","ART 220, X","GRAVE","CONDUTOR","MUNICIPAL",5,"127,69"
63600,"VELOCIDADE INCOMPATIVEL A APROXIMACAO DE ANIMAIS NA PISTA","ART 220, XI","GRAVE","CONDUTOR","MUNICIPAL",5,"127,69"
63780,"VELOCIDADE INCOMPATIVEL EM DECLIVE","ART 220, XII","GRAVE","CONDUTOR","MUNICIPAL",5,"127,69"
63860,"VELOCIDADE INCOMPATIVEL AO ULTRAPASSAR CICLISTA","ART 220, XIII","GRAVE","CONDUTOR","MUNICIPAL",5,"127,69"
63940,"DEIXAR DE REDUZIR VELOC PROXIMO A ESCOLAS, ETC","ART 220, XIV","GRAVISSIMA","CONDUTOR","MUNICIPAL",7,"191,54"
63941,"VELOCIDADE INCOMPATIVEL PROX A ESCOLAS","ART 220, XIV","GRAVISSIMA","CONDUTOR","MUNICIPAL",7,"191,54"
63942,"VELOCIDADE INCOMPATIVEL PROX A HOSPITAIS","ART 220, XIV","GRAVISSIMA","CONDUTOR","MUNICIPAL",7,"191,54"
63943,"VELOCIDADE INCOMPATIVEL PROX ESTACAO DE EMB/DESEMB PASSAG","ART 220, XIV","GRAVISSIMA","CONDUTOR","MUNICIPAL",7,"191,54"
63944,"VELOCIDADE INCOMPATIVEL A INTENSA MOVIMENTACAO PEDESTRE","ART 220, XIV","GRAVISSIMA","CONDUTOR","MUNICIPAL",7,"191,54"
64080,"PORTAR NO VEIC PLACAS EM DESACORDO C/ MODELOS CONTRAN","ART 221","MEDIA","PROPRIETARIO","ESTADUAL",4,"85,13"
64160,"CONFECCIONAR,DISTRIBUIR PLACAS EM DESACORDO C/CONTRAN","ART 221 P. UN","MEDIA","PESSOA JURIDICA","ESTADUAL",4,"85,13"
64240,"DEIXAR MANTER LIGADO EM SITUACOES EMERG A ILUMINACAO","ART 222","MEDIA","CONDUTOR","MUNICIPAL",4,"85,13"
64320,"TRANSITAR COM LUZ ALTA PERTURBANDO VISAO DE CONDUTOR","ART 223","GRAVE","CONDUTOR","ESTADUAL",5,"127,69"
64400,"FAZER USO DE LUZ ALTA EM VIAS PROVIDAS DE ILUMIN PUBLICA","ART 224","LEVE","CONDUTOR","MUNICIPAL",3,"53,2"
64590,"NAO SINALIZAR VIA VEIC P/REMOCAO OU PERM NO ACOSTAMENTO","ART 225, I","GRAVE","CONDUTOR","MUNICIPAL",5,"127,69"
64670,"NAO SINALIZAR VIA VEIC P/REMOCAO OU PERM NO ACOSTAMENTO","ART 225, II","GRAVE","CONDUTOR","MUNICIPAL",5,"127,69"
64750,"NAO RETIRAR OBJETO PARA SINALIZACAO TEMPORARIA DA VIA","ART 226","MEDIA","CONDUTOR","MUNICIPAL",4,"85,13"
64830,"USAR BUZINA PROLONGADA/SUCESSIVAMENTE A QUALQUER PRETEXTO","ART 227, I","LEVE","CONDUTOR","MUNICIPAL",3,"53,2"
64910,"USAR BUZINA NAO COMO ADVERTENCIA A PEDESTRES/CONDUTORES","ART 227, II","LEVE","CONDUTOR","MUNICIPAL",3,"53,2"
65050,"USAR BUZINA ENTRE AS 22H E 6H","ART 227, III","LEVE","CONDUTOR","MUNICIPAL",3,"53,2"
65130,"USAR BUZINA EM LOCAL/HORA PROIBIDOS PELA SINALIZACAO","ART 227, IV","LEVE","CONDUTOR","MUNICIPAL",3,"53,2"
65210,"USAR BUZINA EM DES C/PADROES ESTABELECIDOS PELO CONTRAN","ART 227, V","LEVE","CONDUTOR","MUNICIPAL",3,"53,2"
65300,"USAR NO VEIC SOM EM VOLUME E FREQUENCIA NAO AUTORIZ","ART 228","GRAVE","PROPRIETARIO","MUNICIPAL",5,"127,69"
65480,"USAR INDEV NO VEIC APARELHO PERTUBE SOSSEGO PUBLICO","ART 229","MEDIA","PROPRIETARIO","ESTADUAL",4,"85,13"
65560,"CONDUZIR O VEIC C/ O LACRE, ETC OU OUTRO ELEM VIOLADO","ART 230, I","GRAVISSIMA","PROPRIETARIO","ESTADUAL",7,"191,54"
65640,"CONDUZIR O VEIC TRANSP PASSAGEIROS COMPART DE CARGA","ART 230, II","GRAVISSIMA","CONDUTOR","MUNICIPAL",7,"191,54"
65720,"CONDUZIR O VEIC COM DISPOSITIVO ANTI-RADAR","ART 230, III","GRAVISSIMA","CONDUTOR","ESTADUAL",7,"191,54"
65800,"CONDUZIR VEIC SEM QUALQUER UMA DAS PLACAS DE IDENTIFICACAO","ART 230, IV","GRAVISSIMA","PROPRIETARIO","ESTADUAL",7,"191,54"
65990,"CONDUZIR O VEIC NAO REGISTRADO E DEVIDAM LICENCIADO","ART 230, V","GRAVISSIMA","PROPRIETARIO","ESTADUAL",7,"191,54"
66020,"CONDUZIR VEIC C/QUALQUER UMA PLACA S/CONDICOES LEGIBILIDAD","ART 230, VI","GRAVISSIMA","PROPRIETARIO","ESTADUAL",7,"191,54"
66100,"CONDUZIR O VEIC COM A COR OU CARACTERISTICA ALTERADA","ART 230, VII","GRAVE","PROPRIETARIO","ESTADUAL",5,"127,69"
66290,"CONDUZIR O VEIC SEM INSPECAO DE SEGURANCA VEICULAR","ART 230, VIII","GRAVE","PROPRIETARIO","ESTADUAL",5,"127,69"
66370,"CONDUZIR O VEIC S/ EQUIPAMENTO OBRIGATORIO OU INEFICIENTE","ART 230, IX","GRAVE","PROPRIETARIO","ESTADUAL",5,"127,69"
66450,"CONDUZIR O VEIC C/ EQUIP OBRIGATORIO EM DESACORDO","ART 230, X","GRAVE","PROPRIETARIO","ESTADUAL",5,"127,69"
66530,"CONDUZIR VEIC C/ DESCARGA LIVRE OU SILENCIADOR C/ DEFEITO","ART 230, XI","GRAVE","PROPRIETARIO","ESTADUAL",5,"127,69"
66610,"CONDUZIR O VEIC C/ EQUIPAMENTO OU ACESSORIO PROIBIDO","ART 230, XII","GRAVE","PROPRIETARIO","ESTADUAL",5,"127,69"
66700,"CONDUZIR O VEIC C/ EQUIPAM. ILUMINACAO E SINALIZ ALTERADO","ART 230, XIII","GRAVE","PROPRIETARIO","ESTADUAL",5,"127,69"
66880,"CONDUZIR O VEIC C/ REGISTRADOR INALTERAVEL VELOCIDADE","ART 230, XIV","GRAVE","PROPRIETARIO","ESTADUAL",5,"127,69"
66960,"CONDUZIR O VEIC C/ INSCRICOES, ETC AFIXADOS NO PARA-BRISA","ART 230, XV","GRAVE","PROPRIETARIO","ESTADUAL",5,"127,69"
67000,"CONDUZIR O VEIC C/ VIDROS COBERTOS POR PINTURAS, PAINEIS","ART 230, XVI","GRAVE","PROPRIETARIO","ESTADUAL",5,"127,69"
67180,"CONDUZIR O VEIC C/ CORTINAS OU PERSIANAS FECHADAS","ART 230, XVII","GRAVE","PROPRIETARIO","ESTADUAL",5,"127,69"
67260,"CONDUZIR O VEIC EM MAU ESTADO DE CONSERVACAO","ART 230, XVIII","GRAVE","PROPRIETARIO","ESTADUAL",5,"127,69"
67340,"CONDUZIR O VEIC S/ ACIONAR LIMPADOR SOB CHUVA","ART 230, XIX","GRAVE","CONDUTOR","ESTADUAL",5,"127,69"
67420,"CONDUZIR O VEICS/ AUTORIZ P/ CONDUCAO DE ESCOLARES","ART 230, XX","GRAVE","PROPRIETARIO","ESTADUAL",5,"127,69"
67500,"CONDUZIR O VEIC DE CARGA C/ FALTA DE INSCRICAO DA TARA","ART 230, XXI","MEDIA","PROPRIETARIO","ESTADUAL",4,"85,13"
67690,"CONDUZIR O VEIC C/ DEFEITO NO SISTEMA DE ILUMINACAO, ETC","ART 230, XXII","MEDIA","PROPRIETARIO","ESTADUAL",4,"85,13"
67770,"TRANSITAR DANIFICANDO A VIA, INSTALACOES, E EQUIPAMENTOS","ART 231, I","GRAVISSIMA","CONDUTOR","MUNICIPAL",7,"191,54"
67850,"TRANS DERRAMANDO/LANCANDO/ARRASTANDO CARGA TRANSPORTADA","ART 231, II A","GRAVISSIMA","CONDUTOR","MUNICIPAL",7,"191,54"
67930,"TRANS DERRAMANDO/LANCANDO/ARRASTANDO COMBUSTIVEL","ART 231, II B","GRAVISSIMA","CONDUTOR","MUNICIPAL",7,"191,54"
68070,"TRANS DERRAMANDO/LANCANDO/ARRASTANDO QUALQUER OBJETO","ART 231, II C","GRAVISSIMA","CONDUTOR","MUNICIPAL",7,"191,54"
68150,"TRANSITAR PROD FUMACA ACIMA PERMITIDO PELO CONTRAN","ART 231, III","GRAVE","PROPRIETARIO","MUNICIPAL",5,"127,69"
68230,"TRANSITAR C/ VEIC C/ DIMENSOES OU CARGA SUP A LEGISLACAO","ART 231, IV","GRAVE","CONDUTOR","MUNICIPAL",5,"127,69"
68231,"TRANS C/VEICULO C/ALTURA ACIMA DA PERMITIDA","ART 231, IV","GRAVE","CONDUTOR","MUNICIPAL",5,"127,69"
68232,"TRANS C/VEICULO C/LARGURA SUPERIOR A PERMITIDA","ART 231, IV","GRAVE","CONDUTOR","MUNICIPAL",5,"127,69"
68233,"TRANS C/VEICULO DE COMPRIMENTO ACIMA DO PERMITIDO","ART 231, IV","GRAVE","CONDUTOR","MUNICIPAL",5,"127,69"
68310,"TRANSITAR C/ O VEIC C/ EXCESSO DE PESO","ART 231, V","MEDIA","PESSOA JURIDICA","MUNICIPAL",4,"85,13"
68311,"TRANSITAR COM O VEICULO COM EXCESSO DE PESO ATE 600KG","ART 231, V","MEDIA","PESSOA JURIDICA","MUNICIPAL",4,"85,13"
68312,"TRANS COM O VEICULO COM EXCESSO DE PESO DE 601 A 800KG","ART 231, V","MEDIA","PESSOA JURIDICA","MUNICIPAL",4,"85,13"
68313,"TRANS COM O VEICULO COM EXCESSO DE PESO DE 801 A 1000KG","ART 231, V","MEDIA","PESSOA JURIDICA","MUNICIPAL",4,"85,13"
68314,"TRANS COM O VEICULO COM EXCESSO DE PESO DE 1001 A 3000KG","ART 231, V","MEDIA","PESSOA JURIDICA","MUNICIPAL",4,"85,13"
68315,"TRANS COM O VEICULO COM EXCESSO DE PESO DE 3001 A 5000KG","ART 231, V","MEDIA","PESSOA JURIDICA","MUNICIPAL",4,"85,13"
68316,"TRANS COM O VEICULO COM EXCESSO DE PESO ACIMA DE 5000KG","ART 231, V","MEDIA","PESSOA JURIDICA","MUNICIPAL",4,"85,13"
68400,"TRANSITAR EM DESACORDO C/ AUTORIZACAO ESPECIAL SUPERDIMENS","ART 231, VI","GRAVE","CONDUTOR","MUNICIPAL",5,"127,69"
68580,"TRANS COM LOTACAO EXCEDENTE","ART 231, VII","MEDIA","CONDUTOR","MUNICIPAL/ESTADUAL",4,"85,13"
68660,"EFETUAR TRANSP REMUNERADO DE PESSOAS/BENS S/LICENCA","ART 231, VIII","MEDIA","CONDUTOR","MUNICIPAL",4,"85,13"
68740,"TRANS C/ VEIC DESLIGADO OU DESENGRENADO EM DECLIVE","ART 231, IX","MEDIA","CONDUTOR","MUNICIPAL",4,"85,13"
68820,"TRANS C/VEIC ACIMA DA CAPACIDADE MAX DE TRACAO-MEDIA","ART 231, X","MEDIA","CONDUTOR","MUNICIPAL",4,"85,13"
68900,"TRANS C/VEIC ACIMA DA CAPACIDADE MAX DE TRACAO-GRAVE","ART 231, X","GRAVE","CONDUTOR","MUNICIPAL",5,"127,69"
69040,"TRANS C/VEIC ACIMA DA CAPACIDADE MAX DE TRACAO-GRAVISSIMA","ART 230, X","GRAVISSIMA","CONDUTOR","MUNICIPAL",7,"191,54"
69120,"CONDUZIR O VEIC S/ OS DOCUMENTOS DE PORTE OBRIGATORIO","ART 232","LEVE","CONDUTOR","ESTADUAL",3,"53,2"
69200,"DEIXAR DE EFETUAR REGISTRO DE VEIC NO PRAZO DE 30 DIAS","ART 233","GRAVE","PROPRIETARIO","ESTADUAL",5,"127,69"
69390,"FALSIFICAR OU ADULTERAR DOC. DE HABILITACAO OU DO VEICULO","ART 234","GRAVISSIMA","CONDUTOR","ESTADUAL",7,"191,54"
69470,"CONDUZIR PESSOAS OU CARGA EM PARTES EXTERNAS DO VEIC","ART 235","GRAVE","CONDUTOR","MUNICIPAL",5,"127,69"
69550,"REBOCAR OUTRO VEICULO COM CABO FLEXIVEL OU CORDA","ART 236","MEDIA","CONDUTOR","MUNICIPAL",4,"85,13"
69630,"TRANSITAR C/ VEIC DESACORDO C/ ESPECIFE FALTA INSCRICAO","ART 237","GRAVE","PROPRIETARIO","ESTADUAL",5,"127,69"
69710,"RECUSAR-SE ENTREGAR A AUTORIDADE OS DOCUMENTOS","ART 238","GRAVISSIMA","CONDUTOR","ESTADUAL",7,"191,54"
69800,"RETIRAR S/PERMISSAO VEICULO RETIDO P/AUTORIDADE/AGENTE","ART 239","GRAVISSIMA","CONDUTOR","MUNICIPAL/ESTADUAL",7,"191,54"
69980,"DEIXAR DE PROMOVER BAIXA REGISTRO VEIC IRRECUPERAVEL","ART 240","GRAVE","PROPRIETARIO","ESTADUAL",5,"127,69"
70050,"DEIXAR DE ATUALIZAR CADASTRO DE HABILITACAO OU DO VEICULO","ART 241","LEVE","CONDUTOR","ESTADUAL",3,"53,2"
70130,"FAZER FALSA DECLARACAO DOMICILIO FINS REGISTRO DA CNH","ART 242","GRAVISSIMA","CONDUTOR","ESTADUAL",7,"191,54"
70210,"DEIXAR A SEGURADORA DE COMUNICAR ORGAO TRANS PERDA TOTAL","ART 243","GRAVE","PESSOA JURIDICA","ESTADUAL",5,"127,69"
70300,"CONDUZIR MOTOCICLETA, ETC S/ USAR CAPACETE SEGURANCA","ART 244, I","GRAVISSIMA","CONDUTOR","MUNICIPAL/ESTADUAL",7,"191,54"
70301,"COND MOTOCICLETA, MOTONETA E CICLOMOTOR SEM USAR CAPACETE","ART 244, I","GRAVISSIMA","CONDUTOR","MUNICIPAL/ESTADUAL",7,"191,54"
70302,"COND MOTO/MOTONETA/CICLOMOTOR SEM VESTUARIO DE ACORDO","ART 244, I","GRAVISSIMA","CONDUTOR","MUNICIPAL/ESTADUAL",7,"191,54"
70480,"CONDUZIR MOTOCICLETA, ETC TRANSPORTANDO PASSAG S/ CAPACETE","ART 244, II","GRAVISSIMA","CONDUTOR","MUNICIPAL",7,"191,54"
70481,"COND MOTO/MOTONETA/CICLOMOTOR C/PASS SEM USAR CAPACETE","ART 244, II","GRAVISSIMA","CONDUTOR","MUNICIPAL",7,"191,54"
70482,"COND MOTO/MOTONETA/CICLOMOTOR C/PASS FORA ASSENTO","ART 244, II","GRAVISSIMA","CONDUTOR","MUNICIPAL",7,"191,54"
70560,"CONDUZIR MOTOCICLETA, ETC FAZENDO MALABARISMOS","ART 244, III","GRAVISSIMA","CONDUTOR","MUNICIPAL",7,"191,54"
70640,"CONDUZIR MOTOCICLETA, ETC COM OS FAROIS APAGADOS","ART 244, IV","GRAVISSIMA","CONDUTOR","MUNICIPAL",7,"191,54"
70720,"CONDUZIR MOTOCICLETA, ETC TRANSP CRIANCA MENOR 7 ANOS","ART 244, V","GRAVISSIMA","CONDUTOR","MUNICIPAL",7,"191,54"
70800,"CONDUZIR MOTOCICLETA, ETC REBOCANDO OUTRO VEICULO","ART 244, VI","MEDIA","CONDUTOR","MUNICIPAL",4,"85,13"
70990,"CONDUZIR MOTOCICLETA, ETC SEM SEGURAR O GUIDOM","ART 244, VII","MEDIA","CONDUTOR","MUNICIPAL",4,"85,13"
71020,"CONDUZIR MOTOCICLETA, ETC TRANSP CARGA INCOMPATIVEL","ART 244, VIII","MEDIA","CONDUTOR","MUNICIPAL",4,"85,13"
71100,"P/ CICLOS CONDUZIR PASSAGEIRO FORA DA GARUPA OU ASSENTO","ART 244, P. 1 A","MEDIA","PROPRIETARIO","MUNICIPAL",4,"85,13"
71290,"P/ CICLOS TRANSITAR VIAS TRANSITO RAPIDO/RODOVIAS","ART 244, P. 1 B","MEDIA","PROPRIETARIO","MUNICIPAL",4,"85,13"
71370,"P/ CICLOS TRANSPORTAR CRIANCAS NAO TENHAM CONDICOES SEG","ART 244, P. 1 C","MEDIA","PROPRIETARIO","MUNICIPAL",4,"85,13"
71450,"UTILIZAR A VIA P/DEPOSITO DE MERCADORIAS/EQUIPAMENTOS","ART 245","GRAVE","PESSOA JURIDICA","MUNICIPAL",5,"127,69"
71530,"NAO SINALIZAR OBSTACULOS A LIVRE CIRCULACAO VEIC/PEDESTRE","ART 246","GRAVISSIMA","PESSOA JURIDICA","MUNICIPAL",7,"191,54"
71610,"NAO SINALIZAR OBSTACULOS LIVRE CIRC VEIC/PEDESTRE 2X","ART 246","GRAVISSIMA","PESSOA FISICA","MUNICIPAL",7,"383,07"
71700,"NAO SINALIZAR OBSTACULOS LIVRE CIRC VEIC/PEDESTRE 3X","ART 246","GRAVISSIMA","PESSOA FISICA","MUNICIPAL",7,"574,62"
71880,"NAO SINALIZAR OBSTACULOS LIVRE CIRC VEIC/PEDESTRE 4X","ART 246","GRAVISSIMA","PESSOA FISICA","MUNICIPAL",7,"766,15"
71960,"NAO SINALIZAR OBSTACULOS LIVRE CIRC VEIC/PEDESTRE 5X","ART 246","GRAVISSIMA","PESSOA FISICA","MUNICIPAL",7,"957,7"
72000,"NAO COND P/BORDO DA PISTA VEIC PROP HUMANA/TRACAO ANIMAL","ART 247","MEDIA","PESSOA JURIDICA","MUNICIPAL",4,"85,13"
72180,"TRANSPORTAR EM VEIC DE PASSAGEIROS CARGA EXCEDENTE","ART 248","GRAVE","CONDUTOR","ESTADUAL",5,"127,69"
72260,"DEIXAR DE ACENDER NOITE LUZES QDO VEICPARADO P/EMBARQUE","ART 249","MEDIA","CONDUTOR","MUNICIPAL",4,"85,13"
72340,"QDO VEIC EM MOVIM NAO ACENDER LUZ BAIXA A NOITE","ART 250, I A","MEDIA","CONDUTOR","MUNICIPAL",4,"85,13"
72420,"QDO VEIC EM MOVIM NAO ACENDER LUZ BAIXA DE DIA TUNEIS","ART 250, I B","MEDIA","CONDUTOR","MUNICIPAL",4,"85,13"
72500,"QDO VEIC TRANSP COLETIVO EM MOVIM NAO ACENDER LUZ BAIXA","ART 250, I C","MEDIA","CONDUTOR","MUNICIPAL",4,"85,13"
72690,"QDO VEIC CICLOMOTORES EM MOVIM NAO ACENDER LUZ BAIXA","ART 250, I D","MEDIA","CONDUTOR","MUNICIPAL",4,"85,13"
72770,"QDO VEIC EM MOVIMENTO, NAO ACENDER LUZES SOB CHUVA, ETC","ART 250, II","MEDIA","CONDUTOR","MUNICIPAL",4,"85,13"
72850,"DEIXAR DE MANTER ACESA A PLACA TRASEIRA ILUMINADA A NOITE","ART 250, III","MEDIA","CONDUTOR","ESTADUAL",4,"85,13"
72930,"UTILIZAR PISCA-ALERTA, EXCETO IMOBILIZACAO OU EMERGENCIA","ART 251, I","MEDIA","CONDUTOR","MUNICIPAL",4,"85,13"
73070,"UTILIZAR LUZES DO VEIC INTERMITENTE EXCETO P/ ULTRAPASSAR","ART 251, II A","MEDIA","CONDUTOR","MUNICIPAL",4,"85,13"
73150,"DIRIGIR O VEICULO COM O BRACO DO LADO DE FORA","ART 252, I","MEDIA","CONDUTOR","MUNICIPAL",4,"85,13"
73230,"DIRIGIR VEIC TRANSPORTANDO PESSOAS, ANIMAIS A SUA ESQ","ART 252, II","MEDIA","CONDUTOR","ESTADUAL",4,"85,13"
73310,"DIRIGIR VEIC C/ INCAPACIDADE FISICA OU MENTAL TEMPORARIA","ART 252, III","MEDIA","CONDUTOR","ESTADUAL",4,"85,13"
73400,"DIRIGIR VEIC. USANDO CALCADO QUE COMPROMETA UTILIZ PEDAIS","ART 252, IV","MEDIA","CONDUTOR","ESTADUAL",4,"85,13"
73580,"DIRIGIR O VEICULO COM APENAS UMA DAS MAOS","ART 252, V","MEDIA","CONDUTOR","ESTADUAL",4,"85,13"
73660,"DIRIGIR O VEICULO UTILIZANDO-SE DE FONES, TELEFONE CELULAR","ART 252, VI","MEDIA","CONDUTOR","MUNICIPAL/ESTADUAL",4,"85,13"
73661,"DIRIGIR VEICULO UTILIZANDO-SE DE FONES NOS OUVIDOS","ART 252, VI","MEDIA","CONDUTOR","MUNICIPAL/ESTADUAL",4,"85,13"
73662,"DIRIGIR VEICULO UTILIZANDO-SE DE TELEFONE CELULAR","ART 252, VI","MEDIA","CONDUTOR","MUNICIPAL/ESTADUAL",4,"85,13"
73740,"BLOQUEAR A VIA COM VEICULO","ART 253","GRAVISSIMA","CONDUTOR","MUNICIPAL",7,"191,54"
73820,"PROIBIDO AO PEDESTRE PERMANECER/ANDAR NA PISTA","ART 254, I","LEVE","PESSOA FISICA","MUNICIPAL",3,"26,6"
73900,"PROIBIDO AO PEDESTRE CRUZAR PISTA EM VIADUTO/PONTE/TUNEL","ART 254, II","LEVE","PESSOA FISICA","MUNICIPAL",3,"26,6"
74040,"PROIBIDO AO PEDESTRE ATRAVESSAR VIA NA AREA DE CRUZAMENTO","ART 254, III","LEVE","PESSOA FISICA","MUNICIPAL",3,"26,6"
74120,"PROIBIDO AO PEDESTRE UTILIZAR A VIA P/PERTURBAR O TRANSITO","ART 254, IV","LEVE","PESSOA FISICA","MUNICIPAL",3,"26,6"
74200,"PROIBIDO PEDESTRE ANDAR FORA FAIXA PROPRIA","ART 254, V","LEVE","PESSOA FISICA","MUNICIPAL",3,"26,6"
74390,"PROIBIDO PEDESTRE DESOB SINALIZACAO DE TRAN ESPECIFICA","ART 254, VI","LEVE","PESSOA FISICA","MUNICIPAL",3,"26,6"
74470,"CONDUZIR BICICLETA EM LOCAL PROIBIDO OU FORMA AGRESSIVA","ART 255","MEDIA","PESSOA FISICA","MUNICIPAL",4,"85,13"
90160,"TRANSP.PP CUJO DESLOC.SEJA PROIBIDO PELO MIN.TRANSPORTES","DEC 96044/88,45,I,A","GRAVISSIMA","PESSOA JURIDICA","ESTADUAL",0,"656,54"
90240,"TRANSP. PP A GRANEL QUE NAO CONSTE NO CIPP","DEC 96044/88,45,I,B","GRAVISSIMA","PESSOA JURIDICA","ESTADUAL",0,"656,54"
90320,"TRANSP. PP A GRANEL EM VEICULO COM CIPP VENCIDO","DEC 96044/88,45,I,C","GRAVISSIMA","PESSOA JURIDICA","ESTADUAL",0,"656,54"
90400,"TRANSP PESSOAS,ANIMAIS,ALIM,MEDIC,JUNTAMENTE C/PROD.PERIG.","DEC 96044/88,45,I,D","GRAVISSIMA","PESSOA JURIDICA","ESTADUAL",0,"656,54"
90401,"TRANSPORTAR PESSOAS COM PRODUTOS PERIGOSOS","DEC 96044/88,45,I,D","GRAVISSIMA","PESSOA JURIDICA","ESTADUAL",0,"656,54"
90402,"TRANSPORTAR ANIMAIS COM PRODUTOS PERIGOSOS","DEC 96044/88,45,I,D","GRAVISSIMA","PESSOA JURIDICA","ESTADUAL",0,"656,54"
90403,"TRANSP.ALIMENTOS DESTINADO AO CONS.HUMANO/ANIMAL JUNT.C/PP","DEC 96044/88,45,I,D","GRAVISSIMA","PESSOA JURIDICA","ESTADUAL",0,"656,54"
90404,"TRANSP.MEDICAMENTOS DEST AO CONS.HUMANO/ANIMAL JUNT.C/PP","DEC 96044/88,45,I,D","GRAVISSIMA","PESSOA JURIDICA","ESTADUAL",0,"656,54"
90590,"TRANSP PROD INCOMPATIVEIS ENTRE SI","DEC 96044/88,45,I,E","GRAVISSIMA","PESSOA JURIDICA","ESTADUAL",0,"656,54"
90670,"NAO DAR MANUTENCAO AO VEICULO E AO EQUIPAMENTO","DEC 96044/88,45,II,A","GRAVISSIMA","PESSOA JURIDICA","ESTADUAL",0,"328,27"
90671,"NAO DAR MANUTENCAO AO VEICULO","DEC 96044/88,45,II,A","GRAVISSIMA","PESSOA JURIDICA","ESTADUAL",0,"328,27"
90672,"NAO DAR MANUTENCAO AO EQUIPAMENTO","DEC 96044/88,45,II,A","GRAVISSIMA","PESSOA JURIDICA","ESTADUAL",0,"328,27"
90750,"ESTAC. OU PARAR EM DESACORDO COM O ARTIGO 14 DO RTPP","DEC 96044/88,45,II,B","GRAVISSIMA","PESSOA JURIDICA","ESTADUAL",0,"328,27"
90751,"ESTAC. EM DESACORDO COM O ARTIGO 14 DO RTPP","DEC 96044/88,45,II,B","GRAVISSIMA","PESSOA JURIDICA","ESTADUAL",0,"328,27"
90752,"PARAR EM DESACORDO COM O ARTIGO 14 DO RTPP","DEC 96044/88,45,II,B","GRAVISSIMA","PESSOA JURIDICA","ESTADUAL",0,"328,27"
90830,"TRANSP. PP CUJAS EMBALAGENS SE ENCONTREM EM MAS CONDICOES","DEC 96044/88,45,II,C","GRAVISSIMA","PESSOA JURIDICA","ESTADUAL",0,"328,27"
90910,"NAO ADOTAR EM ACID/AVAR. PROV.DA F.DE EMERGENC/ENV.TRANSP.","DEC 96044/88,45,II,D","GRAVISSIMA","PESSOA JURIDICA","ESTADUAL",0,"328,27"
90911,"NAO ADOTAR EM CASO DE ACID PROV DA F DE EMERG/ENV.TRANSP","DEC 96044/88,45,II,D","GRAVISSIMA","PESSOA JURIDICA","ESTADUAL",0,"328,27"
90912,"NAO ADOTAR EM CASO DE AVARIA PROV DA F DE EMERG/ENV.TRANSP","DEC 96044/88,45,II,D","GRAVISSIMA","PESSOA JURIDICA","ESTADUAL",0,"328,27"
91050,"TRANSP.PP A GRANEL S/UTIL.TACOGR.OU C/IRREG.OU NAO APRES.","DEC 96044/88,45,II,E","GRAVISSIMA","PESSOA JURIDICA","ESTADUAL",0,"328,27"
91051,"TRANSP.PP A GRANEL S/UTIL.TACOGRAFO OU ESTE COM IRREGULAR.","DEC 96044/88,45,II,E","GRAVISSIMA","PESSOA JURIDICA","ESTADUAL",0,"328,27"
91052,"TRANSP.PP A GRANEL S/APRES.O DISCO A AUTORID.OU C/IRREG.","DEC 96044/88,45,II,E","GRAVISSIMA","PESSOA JURIDICA","ESTADUAL",0,"328,27"
91130,"TRANSPORTAR CARGA MAL ESTIVADA","DEC96044/88,45,III,A","GRAVISSIMA","PESSOA JURIDICA","ESTADUAL",0,"131,3"
91210,"TRANSP.PP EM VEIC.SEM EQUIP.P/EMERG./EPI OU INCOMP.","DEC96044/88,45,III,B","GRAVISSIMA","PESSOA JURIDICA","ESTADUAL",0,"131,3"
91211,"TRANSP. PP EM VEIC.SEM EQUIP.P/EMERG. OU INCOMP.","DEC96044/88,45,III,B","GRAVISSIMA","PESSOA JURIDICA","ESTADUAL",0,"131,3"
91212,"TRANSP. PP EM VEIC.SEM EPI, OU INCOMP.","DEC96044/88,45,III,B","GRAVISSIMA","PESSOA JURIDICA","ESTADUAL",0,"131,3"
91300,"TRANSP. PP A GRANEL SEM O CIPP","DEC96044/88,45,III,C","GRAVISSIMA","PESSOA JURIDICA","ESTADUAL",0,"131,3"
91480,"TRANSP. PP SEM A DECLARACAO DE RESPONS.DO EXPEDIDOR NA NF","DEC96044/88,45,III,D","GRAVISSIMA","PESSOA JURIDICA","ESTADUAL",0,"131,3"
91560,"TRANSP. PP SEM A FICHA DE EMERG.E O ENVELOPE PARA O TRANSP","DEC96044/88,45,III,E","GRAVISSIMA","PESSOA JURIDICA","ESTADUAL",0,"131,3"
91561,"TRANSP.PP S/A FICHA DE EMERG.OU EM DESACORDO C/O DEC96044","DEC96044/88,45,III,E","GRAVISSIMA","PESSOA JURIDICA","ESTADUAL",0,"131,3"
91562,"TRANSP.PP S/O ENV.P/O TRANSP. OU EM DESACORDO C/O DEC96044","DEC96044/88,45,III,E","GRAVISSIMA","PESSOA JURIDICA","ESTADUAL",0,"131,3"
91640,"TRANSP PP SEM UTIL ROTULOS DE RISCO E PAINEIS DE SEGURANCA","DEC96044/88,45,III,F","GRAVISSIMA","PESSOA JURIDICA","ESTADUAL",0,"131,3"
91641,"TRANSP PP SEM UTIL R.DE RISCOS E P.SEGUR.NAS EMBALAGENS","DEC96044/88,45,III,F","GRAVISSIMA","PESSOA JURIDICA","ESTADUAL",0,"131,3"
91642,"TRANSP PP SEM UTIL R.DE RISCOS E P.SEGUR.NO VEICULO","DEC96044/88,45,III,F","GRAVISSIMA","PESSOA JURIDICA","ESTADUAL",0,"131,3"
91720,"CIRCULAR EM VIAS PUBL QDO NAO PERMITIDO TRANSP PROD PERIG.","DEC96044/88,45,III,G","GRAVISSIMA","PESSOA JURIDICA","ESTADUAL",0,"131,3"
91800,"NAO COM.IMED.A IMOBILIZ.DO VEIC.EM CASO DE EMERG/ACID/AVAR","DEC96044/88,45,III,H","GRAVISSIMA","PESSOA JURIDICA","ESTADUAL",0,"131,3"
91801,"NAO COM.IMED.A IMOBILIZACAO DO VEIC.EM CASO DE EMERGENCIA","DEC96044/88,45,III,H","GRAVISSIMA","PESSOA JURIDICA","ESTADUAL",0,"131,3"
91802,"NAO COM.IMED.A IMOBILIZACAO DO VEIC.EM CASO DE ACIDENTE","DEC96044/88,45,III,H","GRAVISSIMA","PESSOA JURIDICA","ESTADUAL",0,"131,3"
91803,"NAO COM.IMED.A IMOBILIZACAO DO VEIC.EM CASO DE AVARIA","DEC96044/88,45,III,H","GRAVISSIMA","PESSOA JURIDICA","ESTADUAL",0,"131,3"
91990,"EMBARCAR NO VEICULO PP INCOMPATIVEIS ENTRE SI","DEC 96044/88,46,I,A","GRAVISSIMA","PESSOA JURIDICA","ESTADUAL",0,"656,54"
92020,"EMB.PP QUE NAO CONSTE NO CIPP DO VEIC.E/OU EQUIP.E/OU VENC","DEC 96044/88,46,I,B","GRAVISSIMA","PESSOA JURIDICA","ESTADUAL",0,"656,54"
92021,"EMB.PP QUE NAO CONSTE NO CIPP DO VEIC.OU C/O MESMO VENCIDO","DEC 96044/88,46,I,B","GRAVISSIMA","PESSOA JURIDICA","ESTADUAL",0,"656,54"
92022,"EMB.PP QUE NAO CONSTE NO CIPP DO EQUIP.OU C/O MESMO VENCID","DEC 96044/88,46,I,B","GRAVISSIMA","PESSOA JURIDICA","ESTADUAL",0,"656,54"
92100,"EXP. NF EM DESACORDO C/ART. 22, II DO DECRETO 96044","DEC 96044/88,46,I,C","GRAVISSIMA","PESSOA JURIDICA","ESTADUAL",0,"656,54"
92290,"EXP.PP SEM ACONDICIONAM.CORRETO E C/EMBALAGENS EM MAS COND","DEC 96044/88,46,I,D","GRAVISSIMA","PESSOA JURIDICA","ESTADUAL",0,"656,54"
92291,"EXP. PP SEM ACONDICIONAMENTO CORRETO","DEC 96044/88,46,I,D","GRAVISSIMA","PESSOA JURIDICA","ESTADUAL",0,"656,54"
92292,"EXP. PP COM EMBALAGEM EM MA CONDICOES","DEC 96044/88,46,I,D","GRAVISSIMA","PESSOA JURIDICA","ESTADUAL",0,"656,54"
92370,"NAO COMP.AO LOCAL DO ACIDENTE QDO CONVOCADO PELA AUTORIDAD","DEC 96044/88,46,I,E","GRAVISSIMA","PESSOA JURIDICA","ESTADUAL",0,"656,54"
92450,"EMB.PP EM VEIC. SEM EQUIP. P/SIT.DE EMERG./EPI OU INCOMP.","DEC 96044/88,46,II,A","GRAVISSIMA","PESSOA JURIDICA","ESTADUAL",0,"328,27"
92451,"EMB.PP EM VEIC.SEM EQUIP.P/SIT.DE EMERG.OU INCOMP.","DEC 96044/88,46,II,A","GRAVISSIMA","PESSOA JURIDICA","ESTADUAL",0,"328,27"
92452,"EMB.PP EM VEIC.SEM EPI OU INCOMP.","DEC 96044/88,46,II,A","GRAVISSIMA","PESSOA JURIDICA","ESTADUAL",0,"328,27"
92530,"NAO FORN.AO TRANSP.A F.DE EMERG.E ENV.P/TRANSP OU EM DESC.","DEC 96044/88,46,II,B","GRAVISSIMA","PESSOA JURIDICA","ESTADUAL",0,"328,27"
92531,"NAO FORN.AO TRANSP.A FICHA DE EMERG.OU EM DESAC.C/DEC96044","DEC 96044/88,46,II,B","GRAVISSIMA","PESSOA JURIDICA","ESTADUAL",0,"328,27"
92532,"NAO FORN.AO TRANSP.O ENV.P/TRANSP.OU EM DESAC.C/DEC 96044","DEC 96044/88,46,II,B","GRAVISSIMA","PESSOA JURIDICA","ESTADUAL",0,"328,27"
92610,"EMB PROD PERIG EM VEIC SEM ROT DE RISCO E PAINEIS DE SEGUR","DEC 96044/88,46,II,C","GRAVISSIMA","PESSOA JURIDICA","ESTADUAL",0,"328,27"
92700,"EMB.CARGA FRACION.C/EMBAL.EXT.S/ROTULO DE RISCO OU S/CONS.","DEC 96044/88,46,II,D","GRAVISSIMA","PESSOA JURIDICA","ESTADUAL",0,"328,27"
92880,"EMBARCAR PP EM VEIC(OU EQUIP) SEM ADEQUADAS COND DE MANUT.","DEC 96044/88,46,II,E","GRAVISSIMA","PESSOA JURIDICA","ESTADUAL",0,"328,27"
92960,"NAO ESCLAREC.O SUFIC.EM SIT.DE EMERG OU ACIDENTE","DEC 96044/88,46,II,F","GRAVISSIMA","PESSOA JURIDICA","ESTADUAL",0,"328,27"
92961,"NAO ESCLAREC.O SUFIC.EM SIT.DE EMERG.QDO SOLICIT.P/AUTORID","DEC 96044/88,46,II,F","GRAVISSIMA","PESSOA JURIDICA","ESTADUAL",0,"328,27"
92962,"NAO ESCLAREC.O SUFIC.EM CASO DE ACID.QDO SOLICIT.P/AUTORID","DEC 96044/88,46,II,F","GRAVISSIMA","PESSOA JURIDICA","ESTADUAL",0,"328,27"
