Num_Infracao;Infracao_Descricao;Responsavel;Valor_Multa;;Orgao_Autuador;Artigo;
52070;Dirigir sem atenção ou sem os cuidados indispensáveis à segurança;Condutor;88,38;Consultar o CTB;Municipal/Rodov;169;
53630;Fazer ou deixar que se faça reparo em veículos nas vias (quando não rodovia/transito rápido) ;Condutor;88,38;Consultar o CTB;Municipal/Rodov;179, II;
53980;Estacionar afastado da guia da calçada (meio-fio) de 50cm a 1m;Condutor;88,38;Consultar o CTB;Municipal/Rodov;181 * II;
54440;Estacionar nos acostamentos  ;Condutor;88,38;Consultar o CTB;Municipal/Rodov;181 * VII;
55840;Parar afastado da guia da calçada (meio-fio) de 50cm a 1m;Condutor;88,38;Consultar o CTB;Municipal/Rodov;182 * II;
56060;Parar em desacordo com as posições estabelecidas no CTB;Condutor;88,38;Consultar o CTB;Municipal/Rodov;182 * IV;
56221;Parar no passeio;Condutor;88,38;Consultar o CTB;Municipal/Rodov;182 * VI;
56222;Parar sobre faixa destinada a pedestres;Condutor;88,38;Consultar o CTB;Municipal/Rodov;182 * VI;
56223;Parar nas ilhas ou refúgios;Condutor;88,38;Consultar o CTB;Municipal/Rodov;182 * VI;
56224;Parar nos canteiros centrais/divisores de pista de rolamento;Condutor;88,38;Consultar o CTB;Municipal/Rodov;182 * VI;
56225;Parar nas marcas de canalização;Condutor;88,38;Consultar o CTB;Municipal/Rodov;182 * VI;
56810;"Transitar na faixa/pista da direita regul circulação
exclusiva determ veículo";Condutor;88,38;Consultar o CTB;Municipal/Rodov;184 * I;
59830;"Ultrapassar veículo em movimento que integre
cortejo/desfile/formação militar";Condutor;88,38;Consultar o CTB;Municipal/Rodov;205;
64400;"Fazer uso do facho de luz alta dos faróis em vias
providas de iluminação pública";Condutor;88,38;Consultar o CTB;Municipal/Rodov;224;
64830;"Usar buzina que não a de toque breve como
advertência a pedestre ou condutores";Condutor;88,38;Consultar o CTB;Municipal/Rodov;227 * I;
64910;Usar buzina prolongada e sucessivamente a qualquer pretexto;Condutor;88,38;Consultar o CTB;Municipal/Rodov;227 * II;
65050;Usar buzina entre as vinte e duas e as seis horas;Condutor;88,38;Consultar o CTB;Municipal/Rodov;227 * III;
65130;"Usar buzina em locais e horários proibidos pela
sinalização";Condutor;88,38;Consultar o CTB;Municipal/Rodov;227 * IV;
65210;"Usar buzina em desacordo c/ os padrões e
freqüências estabelecidas pelo Contran";Proprietário;88,38;Consultar o CTB;Municipal/Rodov;227 * V;
69120;"Conduzir veículo sem os documentos de porte
obrigatório referidos no CTB";Condutor;88,38;Consultar o CTB;Estadual/Rodov;232;
70051;Deixar de atualizar o cadastro de registro do veículo;Proprietário;88,38;Consultar o CTB;Estadual;241;
70052;"Deixar de atualizar o cadastro de habilitação do
condutor";Condutor;88,38;Consultar o CTB;Estadual;241;
73820;"É proibido ao pedestre permanecer/andar pista,
exceto p/ cruzá-las onde permitido";Pedestre;44,19;Consultar o CTB;Municipal/Rodov;254 * I;
73901;"É proibido ao pedestre cruzar pista de rolamento
de viaduto exc onde permitido";Pedestre;44,19;Consultar o CTB;Municipal/Rodov;254 * II;
73902;"É proibido ao pedestre cruzar pista de rolamento
de ponte exceto onde permitido";Pedestre;44,19;Consultar o CTB;Municipal/Rodov;254 * II;
73903;"É proibido ao pedestre cruzar pista de rolamento
de túneis exceto onde permitido";Pedestre;44,19;Consultar o CTB;Municipal/Rodov;254 * II;
74040;"É proibido ao pedestre atravessar via área
cruzamento exc onde permitido p/ sinaliz";Pedestre;44,19;Consultar o CTB;Municipal/Rodov;254 * III;
74120;"É proib pedestre utilizar via em agrupam que
perturbe trâns/prát esporte/desfile";Pedestre;44,19;Consultar o CTB;Municipal/Rodov;254 * IV;
74201;É proibido ao pedestre andar fora da faixa própria;Pedestre;44,19;Consultar o CTB;Municipal/Rodov;254 * V;
74202;É proibido ao pedestre andar fora da passarela;Pedestre;44,19;Consulte o CTB;Municipal/Rodov;254 * V;
74203;"É proibido ao pedestre andar fora da passagem
aérea";Pedestre;44,19;Consulte o CTB;Municipal/Rodov;254 * V;
74204;"É proibido ao pedestre andar fora da passagem
subterrânea";Pedestre;44,19;Consulte o CTB;Municipal/Rodov;254 * V;
74390;"É proibido ao pedestre desobedecer a sinalização
de trânsito específica";Pedestre;44,19;Consulte o CTB;Municipal/Rodov;254 * VI;
52232;"Usar veículo para arremessar sobre os veículos
água ou detritos";Condutor;130,16;Consultar o CTB;Municipal/Rodov;171;
52311;Atirar do veículo objetos ou substâncias;Condutor;130,16;Consultar o CTB;Municipal/Rodov;172;
52312;Abandonar na via objetos ou substâncias;Condutor;130,16;Consultar o CTB;Municipal/Rodov;172;
53470;"Deixar o condutor envolvido em acidente s/ vítima,
de remover o veículo do local";Condutor;130,16;Consultar o CTB;Municipal/Rodov;178;
53710;"Ter seu veículo imobilizado na via por falta de
combustível";Condutor;130,16;Consultar o CTB;Municipal/Rodov;180;
53800;"Estacionar nas esquinas e a menos de 5m do
alinhamento da via transversal";Condutor;130,16;Consultar o CTB;Municipal/Rodov;181 * I;
54100;"Estacionar em desacordo com as posições
estabelecidas no CTB";Condutor;130,16;Consultar o CTB;Municipal/Rodov;181 * IV;
54360;"Estacionar junto/sobre hidr de incêndio, reg de
água/tampa de poço visit gal sub";Condutor;130,16;Consultar o CTB;Municipal/Rodov;181, VI;
54600;"Estacionar em guia de calçada rebaixada destinad
à entrada/saída de veículos";"a
Condutor";130,16;Consultar o CTB;Municipal/Rodov;181 * IX;
54790;"Estacionar impedindo a movimentação de outro
veículo";Condutor;130,16;Consultar o CTB;Municipal/Rodov;181 * X;
55090;"Estacionar no ponto de embarque/desembarque de
passageiros transporte coletivo";Condutor;130,16;Consultar o CTB;Municipal/Rodov;181 * XIII;
55250;Estacionar na contramão de direção;Condutor;130,16;Consultar o CTB;Municipal/Rodov;181 * XV;
55500;"Estacionar em local/horário proibido
especificamente pela sinalização";Condutor;130,16;Consultar o CTB;Municipal/Rodov;181 * XVIII;
55760;"Parar nas esquinas e a menos 5m do bordo do
alinhamento da via transversal";Condutor;130,16;Consultar o CTB;Municipal/Rodov;182 * I;
76171;"Usar qualquer veículo para, deliberadamente,
interromper a circulação na via sem autorização do órgão";Condutor;5864,4;Consultar CTB;Municipal/Rodov;253-A;
76172;"Usar qualquer veículo para, deliberadamente,
restringir a circulação na via sem autorização do órgão";Condutor;5864,4;Consultar CTB;Municipal/Rodov;253-A;
76173;Usar qualquer veículo para, deliberadamente, perturbar a circulação na via sem autorização do orgão;Condutor;5864,4;Consultar CTB;Municipal/Rodov;253-A;
50020;"Multa, por não identificação do condutor infrator,
imposta à pessoa jurídica";Proprietário;0;Consultar CTB;Est/Munic/Rodov;257, § 8º;
74801;"Aprovar proj edificação pólo atrativo trânsito s/
anuência órgão/entid trânsito";Serv. público;0;Consultar CTB;Municipal/Rodov;93 c/c 95, § 4º;
74802;"Aprovar proj edificação pólo atrativo trâns s/
estacion/indicação vias de acesso";Serv. público;0;Consultar CTB;Municipal/Rodov;93 c/c 95, § 4º;
74980;Ñ sinalizar devida/imed obstáculo à circul/segurança veíc/pedestre pista/calçada;Serv. público;0;Consultar CTB;Municipal/Rodov;94;
75010;"Utilizar ondulação transversal/sonorizador fora
padrão/critério estab p/ Contran";Serv. público;0;Consultar CTB;Municipal/Rodov;"94, parágrafo
único";
75101;Iniciar obra perturbe/interrompa circulação/segurança veíc/pedestres s/permissão;Proprietário;0;Consultar CTB;Municipal/Rodov;95;
75102;"Iniciar evento perturbe/interrompa
circulaç/segurança veíc/pedestres s/permissão";Proprietário;0;Consultar CTB;Municipal/Rodov;95;
75281;Não sinalizar a execução ou manutenção da obra;Proprietário;0;Consultar CTB;Municipal/Rodov;95, § 1º;
75282; Não sinalizar a execução ou manutenção do evento;Proprietário;0;Consultar CTB;Municipal/Rodov;95, § 1º;
76019;Organizar a conduta prevista no caput art.253-A ;PF ou PJ;17608,2;Consultar o CTB;Municipal/Rodov;art.253-A ;
76251;Estacionar nas vagas reserv às pess c/ deficiência, s/ credencial;Condutor;293,47;Consultar o CTB;Municipal/Rodov;181, XX;
76252;Estacionar nas vagas reserv a idosos, s/ credencial;Condutor;293,47;Consultar o CTB;Municipal/Rodov;181, XX;
76331;Dirigir veículo segurando telefone celular;Condutor;293,47;Consultar o CTB;Est/Munic/Rodov;252, § único;
76332;Dirigir veículo manuseando telefone celular;Condutor;293,47;Consultar o CTB;Est/Munic/Rodov  Consultar o CTB;;
51691;Dirigir sob a influência de álcool;Condutor;293,47;Consultar o CTB;Estadual/Rodov;165;
51692;Dirigir sob influência de qualquer outra substância que determine dependência;Condutor;293,47;Consultar o CTB;Estadual/Rodov;165;
52151;Dirigir ameaçando os pedestres que estejam atravessando a via pública;Condutor;293,47;Consultar o CTB;Est/Munic/Rodov;170;
52152;Dirigir ameaçando os demais veículos;Condutor;293,47;Consultar o CTB;Est/Munic/Rodov;170;
52400;Disputar corrida;Condutor;293,47;Consultar o CTB;Estadual/Rodov;173;
52662;Participar na via como condutor em eventos organizados sem permissão;Condutor;293,47;Consultar o CTB;Estadual/Rodov;174;
52663;Paticipar como condutor exib/demonst períc manobra de veic, s/ permissão;Condutor;293,47;Consultar o CTB;Estadual/Rodov;174;
65561;"Conduzir o veículo com o lacre de identificação
violado/falsificado";Proprietário;293,47;Consultar o CTB;Estadual/Rodov;230 * I;
65562;"Conduzir o veículo com a inscrição do chassi
violada/falsificada";Proprietário;293,47;Consultar o CTB;Estadual/Rodov;230 * I;
65563;Conduzir o veículo com o selo violado/falsificado;Proprietário;293,47;Consultar o CTB;Estadual/Rodov;230 * I;
65564;Conduzir o veículo com a placa violada/falsificada;Proprietário;293,47;Consultar o CTB;Estadual/Rodov;230 * I;
65565;Conduzir o veículo com qualquer outro elem de identificação violado/falsificado;Proprietário;293,47;Consultar o CTB;Estadual/Rodov;230 * I;
65640;"Conduzir o veículo transportando passageiros em
compartimento de carga";Condutor;293,47;Consultar o CTB;Municipal/Rodov;230 * II;
65720;Conduzir o veículo com dispositivo anti-radar;Proprietário;293,47;Consultar o CTB;Estadual/Rodov;230 * III;
65800;"Conduzir o veículo sem qualquer uma das placas
de identificação";Proprietário;293,47;Consultar o CTB;Estadual/Rodov;230 * IV;
65991;Conduzir o veículo que não esteja registrado;Proprietário;293,47;Consultar o CTB;Estadual/Rodov;230 * V;
65992;"Conduzir o veículo registrado que não esteja
devidamente licenciado";Proprietário;293,47;Consultar o CTB;Estadual/Rodov;230 * V;
66020;Conduzir o veículo com qualquer uma das placas sem legibilidade e visibilidade;Proprietário;293,47;Consultar o CTB;Estadual/Rodov;230 * VI;
67770;"Transitar com o veículo danificando a via, suas
instalações e equipamentos";Condutor;293,47;Consultar o CTB;Municipal/Rodov;231 * I;
67851;Transitar com veículo derramando a carga que esteja transportando;Condutor;293,47;Consultar o CTB;Municipal/Rodov;231 * II * a;
67852;"Transitar com veículo lançando a carga que esteja
transportando";Condutor;293,47;Consultar o CTB;Municipal/Rodov;231 * II * a;
67853;Transitar com veículo arrastando a carga que esteja transportando;Condutor;293,47;Consultar o CTB;Municipal/Rodov;231 * II * a;
67930;"Transitar com veíc derramando/lançando
combustível/lubrif que esteja utilizando";Condutor;293,47;Consultar o CTB;Municipal/Rodov;231 * II * b;
68070;Transitar c/veíc derraman/lançando/arrastando objeto possa acarretar risco acid;Condutor;293,47;Consultar o CTB;Municipal/Rodov;231 * II * c;
69040;"Transitar com o veículo excedendo a CMT acima
de 1.000 kg";Proprietário;293,47;Consultar o CTB;Municipal/Rodov;231 * X;
69391;Falsificar ou adulterar documento de habilitação;Condutor;293,47;Consultar o CTB;Estadual/Rodov;234;
69392;"Falsificar ou adulterar documento de identificação
do veículo";Condutor;293,47;Consultar o CTB;Estadual/Rodov;234;
69710;Recusar-se a entregar CNH/CRV/CRLV/ outros documentos;Condutor;293,47;Consultar o CTB;Estadual/Rodov;238;
60173;"Executar operação de retorno passando por cima
de ajardinamento";Condutor;293,47;Consultar o CTB;Municipal/Rodov;206 * III;
60174;Executar operação de retorno passando por cima de canteiro de divisor de pista;Condutor;293,47;Consultar o CTB;Municipal/Rodov;206 * III;
60175;"Executar operação de retorno passando por cima
de faixa de pedestres";Condutor;293,47;Consultar o CTB;Municipal/Rodov;206 * III;
60176;Executar operação de retorno passando por cima de faixa de veíc não motorizados;Condutor;293,47;Consultar o CTB;Municipal/Rodov;206 * III;
60250;"Executar retorno nas interseções, entrando na
contramão da via transversal";Condutor;293,47;Consultar o CTB;Municipal/Rodov;206 * IV;
60330;Executar retorno c/prejuízo da circulação/segurança ainda que em local permitido;Condutor;293,47;Consultar o CTB;Municipal/Rodov;206 * V;
60501;Avançar o sinal vermelho do semáforo;Condutor;293,47;Consultar o CTB;Municipal/Rodov;208;
60502;Avançar o sinal de parada obrigatória;Condutor;293,47;Consultar o CTB;Municipal/Rodov;208;
60503;"Avançar o sinal vermelho do semáforo -
fiscalização eletrônica";Condutor;293,47;Consultar o CTB;Municipal/Rodov;208;
60920;Deixar de parar o veículo antes de transpor linha férrea;Condutor;293,47;Consultar o CTB;Municipal/Rodov;212;
61060;"Deixar de parar sempre que a marcha for
interceptada por agrupamento de pessoas";Condutor;293,47;Consultar o CTB;Municipal/Rodov;213 * I;
61220;Deixar de dar preferência a pedestre/veic ñ motorizado na faixa a ele destinada;Condutor;293,47;Consultar o CTB;Municipal/Rodov;214 * I;
61300;"Deixar de dar preferência a pedestre/veic ñ mot
que ñ haja concluído a travessia";Condutor;293,47;Consultar o CTB;Municipal/Rodov;214 * II;
61490;Deixar de dar preferência a pedestre port deficiência fís/criança/idoso/gestante;Condutor;293,47;Consultar o CTB;Municipal/Rodov;214 * III;
62620;"Deixar de reduzir a veloc qdo se aproximar de
passeata/aglomeração/desfile/etc";Condutor;293,47;Consultar o CTB;Municipal/Rodov;220 * I;
63941;Deixar de reduzir a velocidade nas proximidades de escolas;Condutor;293,47;Consultar o CTB;Municipal/Rodov;220 * XIV;
63942;"Deixar de reduzir a velocidade nas proximidades
de hospitais";Condutor;293,47;Consultar o CTB;Municipal/Rodov;220 * XIV;
63943;Deixar de reduzir veloc na proxim estação embarque/desembarque passageiros;Condutor;293,47;Consultar o CTB;Municipal/Rodov;220 * XIV;
63944;"Deixar de reduzir veloc onde haja intensa
movimentação de pedestres";Condutor;293,47;Consultar o CTB;Municipal/Rodov;220 * XIV;
58198;Transitar com o veículo em passarelas    ;Condutor;880,41;Consultar o CTB;Municipal/Rodov;193;
58860;Ultrap pela direita veíc transp colet/escolar parado para emb/desemb passageiros;Condutor;293,47;Consultar o CTB;Municipal/Rodov;200;
59080;Ultrapassar pelo acostamento;Condutor;1467,35;Consultar o CTB;Municipal/Rodov;202 * I;
59161;Ultrapassar em interseções;Condutor;1467,35;Consultar o CTB;Municipal/Rodov;202 * II;
59162;Ultrapassar em passagem de nível;Condutor;1467,35;Consultar o CTB;Municipal/Rodov;202 * II;
59241;Ultrapassar pela contramão nas curvas sem visibilidade suficiente;Condutor;1467,35;Consultar o CTB;Municipal/Rodov;203 * I;
59242;"Ultrapassar pela contramão nos aclives ou
declives, sem visibilidade suficiente";Condutor;1467,35;Consultar o CTB;Municipal/Rodov;203 * I;
59320;Ultrapassar pela contramão nas faixas de pedestre;Condutor;1467,35;Consultar o CTB;Municipal/Rodov;203 * II;
59401;Ultrapassar pela contramão nas pontes;Condutor;1467,35;Consultar o CTB;Municipal/Rodov;;
59402;Ultrapassar pela contramão nos viadutos;Condutor;1467,35;Consultar o CTB;Municipal/Rodov;;
59403;Ultrapassar pela contramão nos túneis;Condutor;1467,35;Consultar o CTB;Municipal/Rodov;;
59591;"Ultrapassar pela contramão veículo parado em fila
junto sinal luminoso";Condutor;1467,35;Consultar o CTB;Municipal/Rodov;;
59592;"Ultrapassar pela contramão veículo parado em fila
junto a cancela/porteira";Condutor;880,41;Consultar o CTB;Municipal/Rodov;203 * IV;
59593;"Ultrapassar pela contramão veículo parado em fila
junto a cruzamento";Condutor;1467,35;Consultar o CTB;Municipal/Rodov;203 * IV;
59594;"Ultrapassar pela contramão veíc parado em fila
junto qq impedimento à circulação";Condutor;1467,35;Consultar o CTB;Municipal/Rodov;203 * IV;
59670;"Ultrapassar pela contramão linha de divisão de
fluxos opostos, contínua amarela";Condutor;1467,35;Consultar o CTB;Municipal/Rodov;203 * V;
59910;"Executar operação de retorno em locais proibidos
pela sinalização";Condutor;293,47;Consultar o CTB;Municipal/Rodov;206 * I;
60091;Executar operação de retorno nas curvas;Condutor;293,47;Consultar o CTB;Municipal/Rodov;;
60092;"Executar operação de retorno nos aclives ou
declives";Condutor;293,47;Consultar o CTB;Municipal/Rodov;;
60093;Executar operação de retorno nas pontes;Condutor;293,47;Consultar o CTB;Municipal/Rodov;;
60094;Executar operação de retorno nos viadutos;Condutor;293,47;Consultar o CTB;Municipal/Rodov;;
60095;Executar operação de retorno nos túneis;Condutor;293,47;Consultar o CTB;Municipal/Rodov;;
60171;"Executar operação de retorno passando por cima
de calçada, passeio";Condutor;293,47;Consultar o CTB;Municipal/Rodov;;
60172;Executar operação de retorno passando por cima de ilha, refúgio;Condutor;293,47;Consultar o CTB;Municipal/Rodov;206 * III;
51770;"Confiar/entregar veíc pess c/ estado físico/psíquico
s/ condições dirigir segur";Proprietário;293,47;Consultar o CTB;Estadual/Rodov;166;
51930;"Transportar criança sem observância das normas
de segurança estabelecidas p/ CTB";Condutor;293,47;Consultar o CTB;Est/Munic/Rodov;168;
52581;"Promover na via competição esportiva sem
permissão";Proprietário;2934,7;Consultar o CTB;Municipal/Rodov;174;
52582;"Promover na via eventos organizados sem
permissão";Proprietário;2934,7;Consultar o CTB;Municipal/Rodov;174;
52583;"Promover na via exibição e demonstração de
perícia em manobra de veículo s/perm";Proprietário;2934,7;Consultar o CTB;Municipal/Rodov;174;
54281;Estacionar na pista de rolamento das estradas;Condutor;293,47;Consultar o CTB;Municipal/Rodov;181 * V;
54282;Estacionar na pista de rolamento das rodovias;Condutor;293,47;Consultar o CTB;Municipal/Rodov;181 * V;
54283;"Estacionar na pista de rolamento das vias de
trânsito rápido";Condutor;293,47;Consultar o CTB;Municipal/Rodov;181 * V;
54284;"Estacionar na pista de rolamento das vias dotadas
de acostamento";Condutor;293,47;Consultar o CTB;Municipal/Rodov;181 * V;
57380;"Transitar pela contramão de direção em via c/
sinalização de regul sentido único";Condutor;293,47;Consultar o CTB;Municipal/Rodov;186 * II;
57701;"Deixar de dar passagem a veíc precedido de
batedores devidamente identificados";Condutor;293,47;Consultar o CTB;Est/Munic/Rodov;189;
57702;"Deixar de dar passagem a veíc socorro
incêndio/salv serv urgência devid identif";Condutor;293,47;Consultar o CTB;Est/Munic/Rodov;189;
57703;"Deixar de dar passagem a veíc de polícia em
serviço de urgência devid identif";Condutor;293,47;Consultar o CTB;Est/Munic/Rodov;189;
57704;"Deixar de dar passagem a veíc de operação e
fiscalização de trânsito devid ident";Condutor;293,47;Consultar o CTB;Est/Munic/Rodov;189;
57705;"Deixar de dar passagem a ambulância em serviço
de urgência devid identificada";Condutor;293,47;Consultar o CTB;Est/Munic/Rodov;189;
58191;Transitar com o veículo em calçadas, passeios;Condutor;880,41;Consultar o CTB;Municipal/Rodov;193;
58192;Transitar com o veículo em ciclovias, ciclofaixas;Condutor;880,41;Consultar o CTB;Municipal/Rodov;193;
58193;"Transitar com o veículo em ajardinamentos,
gramados, jardins públicos";Proprietário;880,41;Consultar o CTB;Municipal/Rodov;193;
58194;"Transitar com o veículo em canteiros
centrais/divisores de pista de rolamento";Condutor;880,41;consultar o CTB;Municipal/Rodov;193;
58195;Transitar com o veículo em ilhas, refúgios;Condutor;880,41;Consultar o CTB;Municipal/Rodov;193;
58196;Transitar com o veículo em marcas de canalização;Condutor;880,41;Consultar o CTB;Municipal/Rodov;193;
58197;Transitar com o veículo em acostamentos;Condutor;880,41;Consultar o CTB;Municipal/Rodov;193;
50610;Entregar veículo a pessoa sem CNH/PPD/ACC;Proprietário;880,41;Consultar o CTB;Estadual/Rodov;163 c/c 162 * I;
50701;"Entregar veículo a pessoa com CNH/PPD/ACC
cassada";Proprietário;1467,35;Consultar o CTB;Estadual/Rodov;163 c/c 162 * II;
50702;"Entregar veículo a pessoa com CNH/PPD/ACC
com susp. do direito de dirigir";Proprietário;1467,35;Consultar o CTB;Estadual/Rodov;163 c/c 162 * II;
50881;Entregar veículo a pessoa com CNH de categoria diferente da do veículo;Proprietário;880,41;Consultar o CTB;Estadual/Rodov;163 c/c 162 * III;
50882;"Entregar veículo a pessoa com PPD de categoria
diferente da do veículo";Proprietário;880,41;Consultar o CTB;Estadual/Rodov;163 c/c 162 * III;
50960;Entregar veículo a pessoa com CNH/PPD vencida há mais de 30 dias;Proprietário;293,47;Consultar o CTB;Estadual/Rodov;163 c/c 162 * V;
51001;"Entregar o veículo a pessoa sem usar lentes
corretoras de visão";Proprietário;293,47;Consultar o CTB;Estadual/Rodov;163 c/c 162 * VI;
51002;Entregar o veículo a pessoa sem usar aparelho auxiliar de audição;Proprietário;293,47;Consultar o CTB;Estadual/Rodov;163 c/c 162 * VI;
51003;"Entregar o veículo a pessoa sem aparelho de
prótese física";Proprietário;293,47;Consultar o CTB;Estadual/Rodov;163 c/c 162 * VI;
51004;Entregar veíc pessoa s/ adaptações impostas concessão/renovação licença conduzir;Proprietário;293,47;Consultar o CTB;Estadual/Rodov;163 c/c 162 * VI;
51180;"Permitir posse/condução do veículo a pessoa sem
CNH/PPD/ACC";Proprietário;880,41;Consultar o CTB;Estadual/Rodov;164 c/c 162 * I;
51261;"Permitir posse/condução do veículo a pessoa com
CNH/PPD/ACC cassada";Proprietário;1467,35;Consultar o CTB;Estadual/Rodov;164 c/c 162 * II;
51262;"Permitir posse/condução veíc pessoa com
CNH/PPD/ACC c/ susp. direito de dirigir";Proprietário;1467,35;Consultar o CTB;Estadual/Rodov;164 c/c 162 * II;
51341;"Permitir posse/condução veíc a pessoa com CNH
categoria diferente da do veículo";Proprietário;880,41;Consultar o CTB;Estadual/Rodov;164 c/c 162 * III;
51342;"Permitir posse/condução veíc a pessoa com PPD
categoria diferente da do veículo";Proprietário;880,41;Consultar o CTB;Estadual/Rodov;164 c/c 162 * III;
51420;"Permitir posse/condução do veíc a pessoa com
CNH/PPD vencida há mais de 30 dias";Proprietário;293,47;Consultar o CTB;Estadual/Rodov;164 c/c 162 * V;
51501;"Permitir posse/condução do veículo a pessoa sem
usar lentes corretoras de visão";Proprietário;293,47;Consultar o CTB;Estadual/Rodov;164 c/c 162 * VI;
51502;"Permitir posse/condução do veículo a pessoa s/
usar aparelho auxiliar de audição";Proprietário;293,47;Consultar o CTB;Estadual/Rodov;164 c/c 162 * VI;
51503;"Permitir posse/condução do veículo a pessoa sem
usar aparelho de prótese física";Proprietário;293,47;Consultar o CTB;Estadual/Rodov;164 c/c 162 * VI;
51504;Permitir posse/cond veíc s/ adaptações impostas concessão/renovação licença cond;Proprietário;293,47;Consultar o CTB;Estadual/Rodov;164 c/c 162 * VI;
64670;"Deixar de sinalizar a via p/ tornar visível o local
qdo a carga for derramada";Condutor;195,23;Consultar o CTB;Municipal/Rodov;225*II;
65300;Usar no veículo equip c/ som em volume/freqüência não autorizados pelo Contran;Condutor;195,23;Consultar CTB;Municipal/Rodov;228;
66101;Conduzir o veículo com a cor alterada;Proprietário;195,23;Consultar CTB;Estadual/Rodov;230*VII;
66102;Conduzir o veículo com característica alterada;Proprietário;195,23;Consultar CTB;Estadual/Rodov;230*VII;
66290;"Conduzir veículo s/ ter sido submetido à inspeção
seg veicular, qdo obrigatória";Proprietário;195,23;Consultar CTB;Estadual/Rodov;230 * VIII;
66371;Conduzir o veículo sem equipamento obrigatório;Proprietário;195,23;Consultar CTB;Estadual/Rodov;230*IX;
66372;"Conduzir o veículo com equipamento obrigatório
ineficiente/inoperante";Proprietário;195,23;Consultar CTB;Estadual/Rodov;230 * IX;
66450;Conduzir o veículo com equip obrigatório em desacordo com o estab pelo Contran;Proprietário;195,23;Consultar CTB;Estadual/Rodov;230 * X;
66531;Conduzir o veículo com descarga livre;Proprietário;195,23;Consultar o CTB;Estadual/Rodov;230 * XI;
66532;Conduzir o veículo com silenciador de motor defeituoso/deficiente/inoperante;Proprietário;195,23;Consultar o CTB;Estadual/Rodov;230 * XI;
66610;"Conduzir o veículo com equipamento ou acessório
proibido";Proprietário;195,23;Consultar o CTB;Estadual/Rodov;230 * XII;
66700;Conduzir o veículo c/ equip do sistema de iluminação e de sinalização alterados;Proprietário;195,23;Consultar o CTB;Estadual/Rodov;230 * XIII;
66880;"Conduzir veículo c/ registrador instan inalt de
velocidade/tempo viciado/defeituoso";Proprietário;195,23;Consultar CTB;Estadual/Rodov;230 * XIV;
66961;Conduzir c/ inscr/adesivo/legenda/símbolo afixado pára-brisa e extensão traseira;Proprietário;195,23;Consultar CTB;Estadual/Rodov;230 * XV;
66962;"Conduzir c/ inscr/adesivo/legenda/símbolo pintado
pára-brisa e extensão traseira";Proprietário;195,23;Consultar CTB;Estadual/Rodov;230 * XV;
67000;Conduzir veíc com vidro total/parcialmente coberto por película, painéis/pintura;Proprietário;195,23;Consultar CTB;Estadual/Rodov;230 * XVI;
67180;"Conduzir o veículo com cortinas ou persianas
fechadas";Proprietário;195,23;Consultar CTB;Estadual/Rodov;230 * XVII;
67261;Conduzir o veículo em mau estado de conservação, comprometendo a segurança;Proprietário;195,23;Consultar CTB;Estadual/Rodov;230 * XVIII;
67262;"Conduzir o veículo reprovado na avaliação de
inspeção de segurança";Proprietário;195,23;Consultar CTB;Estadual/Rodov;230 * XVIII;
67263;Conduzir o veículo reprovado na avaliação de emissão de poluentes e ruído;Proprietário;195,23;Consultar CTB;Estadual/Rodov;230 * XVIII;
67340;"Conduzir o veículo sem acionar o limpador de pára-
brisa sob chuva";Proprietário;195,23;Consultar CTB;Estadual/Rodov;230 * XIX;
65480;"Usar no veíc alarme/aparelho produz som perturbe
sossego púb desac norma Contran";Condutor;130,16;Consultar o CTB;Estadual/Rodov;229;
67500;Conduzir o veíc de carga c/ falta inscrição da tara e demais previstas no CTB;Proprietário;130,16;Consultar o CTB;Estadual/Rodov;230 * XXI;
67690;"Conduzir veíc c/ defeito no sist de iluminação,
sinaliz ou lâmpadas queimadas";Proprietário;130,16;Consultar CTB;Estadual/Rodov;230, XXII;
68311;"Transitar com o veículo com excesso de peso
PBT/PBTC";Emb/Transp;130,16;Consultar o CTB;Municipal/Rodov;231 * V;
68312;"Transitar com o veículo com excesso de peso - Por
Eixo";Emb/Transp;130,16;Consultar o CTB;Municipal/Rodov;231 * V;
68313;Transitar com o veículo com excesso de peso - PBT/PBTC e Por Eixo;Emb/Transp;130,16;Consultar o CTB;Municipal/Rodov;231 * V;
68580;Transitar com o veículo com lotação excedente;Condutor;130,16;Consultar o CTB;Est/Munic/Rodov;231 * VII;
68661;Transitar efetuando transporte remunerado de pessoas qdo ñ licenciado p/esse fim;Proprietário;130,16;Consultar o CTB;Est/Munic/Rodov;231 * VIII;
68662;"Transitar efetuando transporte remunerado de bens
qdo não licenciado p/ esse fim";Proprietário;130,16;Consultar o CTB;Est/Munic/Rodov;231 * VIII;
68741;Transitar com o veículo desligado em declive;Condutor;130,16;Consultar o CTB;Municipal/Rodov;231 * IX;
68742;Transitar com o veículo desengrenado em declive;Condutor;130,16;Consultar o CTB;Municipal/Rodov;231 * IX;
68820;"Transitar com o veículo excedendo a CMT em até
600 kg";Proprietário;130,16;Consultar o CTB;Municipal/Rodov;231 * X;
69550;Rebocar outro veículo com cabo flexível ou corda;Condutor;130,16;Consultar o CTB;Municipal/Rodov;236;
70562;Conduzir ciclo fazendo malabarismo ou equilibrando-se em uma roda;Condutor;130,16;Consultar o CTB;Municipal/Rodov;244 * III c/c §1º;
70992;"Conduzir ciclo sem segurar o guidom com ambas
as mãos";Condutor;130,16;Consultar o CTB;Municipal/Rodov;244 * VII c/c §1º;
71022;Conduzir ciclo transportando carga incompatível;Condutor;130,16;Consultar o CTB;Municipal/Rodov;"244 * VIII c/c
§1º";
71100;"Conduzir ciclo transportando passageiro fora da
garupa/assento a ele destinado";Condutor;130,16;Consultar o CTB;Municipal/Rodov;244 * §1º * a;
71291;Conduzir ciclo via de trâns rápido ou rodovia salvo se houver acostam/fx própria;Condutor;130,16;Consultar o CTB;Municipal/Rodov;244 * §1º * b;
71292;Conduzir ciclomotor em via de trânsito rápido;Condutor;130,16;Consultar o CTB;Municipal/Rodov;244 * §2º;
71293;Conduzir ciclomotor em rodovia salvo se houver acostamento ou faixa própria;Condutor;130,16;Consultar o CTB;Municipal/Rodov;244 * §2º;
71370;"Conduzir ciclo transportando criança s/ condição de
cuidar própria segurança";Condutor;130,16;Consultar o CTB;Municipal/Rodov;244 * §1º * c;
64240;Deixar de manter ligado em emergência o sistema ilum vermelha intermitente ainda que parado  ;Condutor;130,16;Consultar o CTB;Municipal/Rodov;222;
73150;Dirigir o veículo com o braço do lado de fora;Condutor;130,16;Consultar o CTB;Municipal/Rodov;222;
73662;Dirigir veículo utilizando-se de telefone celular;Condutor;130,16;Consultar o CTB;Est/Munic/Rodov;252 * VI;
74472;Conduzir bicicleta de forma agressiva;Condutor;130,16;Consultar o CTB;Municipal/Rodov;255;
54522;Estacionar sobre faixa destinada a pedestre;Condutor;195,23;Consultar o CTB;Municipal/Rodov;181 * VIII;
54523;Estacionar sobre ciclovia ou ciclofaixa;Condutor;195,23;Consultar CTB;Municipal/Rodov;181 * VIII;
54524;Estacionar nas ilhas ou refúgios;Condutor;195,23;Consultar CTB;Municipal/Rodov;181 * VIII;
54525;"Estacionar ao lado ou sobre canteiro
central/divisores de pista de rolamento";Condutor;195,23;Consultar o CTB;Municipal/Rodov;181 * VIII;
54526;Estacionar ao lado ou sobre marcas de canalização;Condutor;195,23;Consultar CTB;Municipal/Rodov;181 * VIII;
54527;"Estacionar ao lado ou sobre gramado ou jardim
público";Condutor;195,23;Consultar o CTB;Municipal/Rodov;181 * VIII;
51851;Deixar o condutor de  usar o cinto de segurança;Condutor;195,23;Consultar o CTB;Municipal/Rodov;167;
51852;Deixar o passageiro de usar o cinto de segurança;Condutor;195,23;Consultar o CTB;Municipal/Rodov;167;
53390;Deixar o condutor de prestar socorro vítima acidente de trânsito, qdo solicit p/ agente ;Condutor;195,23;Consultar o CTB;Municipal/Rodov;177;
53550;Fazer ou deixar que se faça reparo em veículo, em rodovia e via de trânsito rápido;Condutor;195,23;Consultar o CTB;Municipal/Rodov;179;
54010;Estacionar afastado da guia da calçada (meio-fio) a mais de 1m;Condutor;195,23;Consultar o CTB;Municipal/Rodov;181;
54521;Estacionar no passeio;Condutor;195,23;Consultar o CTB;Municipal/Rodov;181;
54870;Estacionar ao lado de outro veículo em fila dupla;Condutor;195,23;Consultar CTB;Municipal/Rodov;181 * XI;
54950;Estacionar na área de cruzamento de vias;Condutor;195,23;Consultar CTB;Municipal/Rodov;181 * XII;
55171;Estacionar nos viadutos;Condutor;195,23;Consultar o CTB;Municipal/Rodov;181 * XIV;
55172;Estacionar nas pontes;Condutor;195,23;Consultar CTB;Municipal/Rodov;181 * XIV;
55173;Estacionar nos túneis;Condutor;195,23;Consultar CTB;Municipal/Rodov;181 * XIV;
55330;Estacionar aclive/declive não freado e sem calço segurança, PBT superior a 3500kg;Condutor;195,23;Consultar CTB;Municipal/Rodov;181 * XVI;
55411;Estacionar em desacordo com a regulamentação especificada pela sinalização;Condutor;195,23;Consultar o CTB;Municipal/Rodov;181 * XVII;
55412;Estacionar em desacordo com a regulamentação - estacionamento rotativo;Condutor;195,23;Consultar o CTB;Municipal/Rodov;181 * XVII;
55413;Estacionar em desacordo com a regulamentação - ponto ou vaga de táxi;Condutor;195,23;Consultar o CTB;Municipal/Rodov;181 * XVII;
55414;Estacionar em desacordo com a regulamentação - vaga de carga/descarga;Condutor;195,23;Consultar o CTB;Municipal/Rodov;181 * XVII;
55417;Estacionar em desacordo com a regulamentação - vaga de curta duração;Condutor;195,23;Consultar o CTB;Municipal/Rodov;181 * XVII;
55680;Estacionar local/horário de estacionamento e parada proibidos pela sinalização;Condutor;195,23;Consultar CTB;Municipal/Rodov;181 * XIX;
56141;Parar na pista de rolamento das estradas;Condutor;195,23;Consultar CTB;Municipal/Rodov;182 * V;
56142;Parar na pista de rolamento das rodovias;Condutor;195,23;Consultar o CTB;Municipal/Rodov;182 * V;
56143;Parar na pista de rolamento das vias de trânsito rápido;Condutor;195,23;Consultar CTB;Municipal/Rodov;182 * V;
56144;Parar na pista de rolamento das demais vias dotadas de acostamento;Condutor;195,23;Consultar CTB;Municipal/Rodov;182 * V;
56900;Transitar na faixa/pista da esquerda regul circulação exclusiva determ veículo;Condutor;195,23;Consultar CTB;Municipal/Rodov;184 * II;
57200;Transitar pela contramão de direção em via com duplo sentido de circulação;Condutor;195,23;Consultar CTB;Municipal/Rodov;186 * I;
57890;"Seguir veículo em serv urgência devid identific p/
alarme sonoro/ilum vermelha";Condutor;195,23;Consultar CTB;Municipal/Rodov;190;
58000;"Deixar guardar dist segurança lat/front entre seu
veículo e demais e ao bordo pista";Condutor;195,23;Consultar CTB;Municipal/Rodov;192;
58270;"Transitar em marcha ré, salvo na distância
necessária a pequenas manobras";Condutor;195,23;Consultar CTB;Municipal/Rodov;194;
58350;Desobedecer às ordens emanadas da autorid compet de trânsito ou de seus agentes;Condutor;195,23;Consultar o CTB;Est/Munic/Rodov;195;
60683;Evadir-se para não efetuar o pagamento do pedágio;Condutor;195,23;Consultar o CTB;Est/Munic/Rodov;209;
69204;Deixar de efetuar registro de veículo em 30 dias, qdo houver mudança de categoria;Proprietário;195,23;Consultar CTB;Estadual;233 c/c 123, IV;
69471;Conduzir pessoas nas partes externas do veículo;Condutor;195,23;Consultar CTB;Municipal/Rodov;235;
69472;Conduzir animais nas partes externas do veículo;Condutor;195,23;Consultar CTB;Municipal/Rodov;235;
69473;Conduzir carga nas partes externas do veículo;Condutor;195,23;Consultar CTB;Municipal/Rodov;235;
69630;Trans com veículo desac c/especificação/falta de inscr/simbologia necessária identif;Proprietário;195,23;Consultar CTB;Estadual/Rodov;237;
69980;"Deixar responsável de promover baixa registro de
veíc irrecuperável/desmontado";Proprietário;195,23;Consutar CTB;Estadual;240;
70210;Deixar seguradora de comunicar ocorrência perda total veíc e devolver placas/doc;P. jurídica;195,23;Consultar CTB;Estadual;243;
70800;"Conduzir motocicleta, motoneta e ciclomotor
rebocando outro veículo";Condutor;195,23;Consultar CTB;Municipal/Rodov;244 * VI;
70991;Conduzir motocicleta/motoneta/ciclomotor sem segurar o guidom com ambas as mãos;Condutor;195,23;Consultar CTB;Municipal/Rodov;244 * VII;
71021;"Conduzir motocicleta, motoneta e ciclomotor
transportando carga incompatível";Condutor;195,23;Consultar CTB;Municipal/Rodov;244 * VIII;
75600;Conduzir veíc de transp passag ou carga em desacordo c/ as cond do art 67-A CTB;Condutor;195,23;Consultar CTB;Municipal/Rodov;230, XXIII;
50100;Dirigir veículo sem possuir CNH/PPD/ACC;Condutor;880,41;Consultar o CTB;Estadual/Rodov;162 * I;
50291;Dirigir veículo com CNH/PPD/ACC cassada;Condutor;1467,35;Consultar o CTB;Estadual/Rodov;162 * II;
50292;"Dirigir veículo com CNH/PPD/ACC com suspensão
do direito de dirigir";Condutor;1467,35;Consultar o CTB;Estadual/Rodov;162 * II;
50371;Dirigir veículo com CNH de categoria diferente da do veículo;Condutor;880,41;Consultar o CTB;Estadual/Rodov;162 * III;
50372;"Dirigir veículo com PPD de categoria diferente da
do veículo";Condutor;880,41;Consultar o CTB;Estadual/Rodov;162 * III;
50450;Dirigir veículo com validade de CNH/PPD vencida há mais de 30 dias;Condutor;293,47;Consultar o CTB;Estadual/Rodov;162 * V;
50531;Dirigir veículo sem usar lentes corretoras de visão;Condutor;293,47;Consultar o CTB;Estadual/Rodov;162 * VI;
50532;"Dirigir veículo sem usar aparelho auxiliar de
audição";Condutor;293,47;Consultar o CTB;Estadual/Rodov;162 * VI;
50533;"Dirigir veículo sem usar aparelho auxiliar de
prótese física";Condutor;293,47;Consultar o CTB;Estadual/Rodov;162 * VI;
50534;"Dirigir veículo s/ adaptações impostas na
concessão/renovação licença conduzir";Condutor;293,47;Consultar o CTB;Estadual/Rodov;162 * VI;
69800;Retirar do local veículo legalmente retido para regularização, sem permissão ;Condutor;293,47;Consultar o CTB;Estadual/Rodov;239;
71532;Obstaculizar a via indevidamente-s/agravamento;PF ou PJ;293,47;Consultar CTB;Municipal/Rodov;246;
71612;Obstaculizar a via indevidamente-agravamento 2X;PF ou PJ;880,41;Consultar o CTB;Municipal/Rodov;246;
71702;Obstaculizar a via indevidamente-agravamento 3X;PF ou PJ;880,41;Consultar o CTB;Municipal/Rodov;246;
71882;Obstaculizar a via indevidamente-agravamento 4X;PF ou PJ;1467,35;Consultar o CTB;Municipal/Rodov;246;
71962;Obstaculizar a via indevidamente-agravamento 5X;PF ou PJ;1467,35;Consultar o CTB;Municipal/Rodov;246;
73740;Bloquear a via com veículo;Condutor;293,47;Consultar o CTB;Municipal/Rodov;253;
60760;Transpor bloqueio viário policial;Condutor;293,47;Consultar o CTB;Est/Munic/Rodov;210;