NUM_INF;DESCRIÇÃO;ENQUADRAMENTO NO C.T.B.;GRAVIDADE;RESPON SABILIDADE;COMPETÊNCIA;VALOR
52070;DIRIGIR SEM ATENÇÃO OU SEM OS CUIDADOS INDISPENSÁVEIS À SEGURANÇA;169;LEVE;CONDUTOR;MUNICIPAL/RODOV;53,21
53630;FAZER OU DEIXAR QUE SE FAÇA REPARO EM VEÍCULOS NAS VIAS (QUANDO NÃO RODOVIA/TRANSITO RÁPIDO) ;179, II;LEVE;CONDUTOR;MUNICIPAL/RODOV;53,21
53980;ESTACIONAR AFASTADO DA GUIA DA CALÇADA (MEIO-FIO) DE 50CM A 1M;181 * II;LEVE;CONDUTOR;MUNICIPAL/RODOV;53,21
54440;ESTACIONAR NOS ACOSTAMENTOS  ;181 * VII;LEVE;CONDUTOR;MUNICIPAL/RODOV;53,21
55840;PARAR AFASTADO DA GUIA DA CALÇADA (MEIO-FIO) DE 50CM A 1M;182 * II;LEVE;CONDUTOR;MUNICIPAL/RODOV;53,21
56060;PARAR EM DESACORDO COM AS POSIÇÕES ESTABELECIDAS NO CTB;182 * IV;LEVE;CONDUTOR;MUNICIPAL/RODOV;53,21
56221;PARAR NO PASSEIO;182 * VI;LEVE;CONDUTOR;MUNICIPAL/RODOV;53,21
56222;PARAR SOBRE FAIXA DESTINADA A PEDESTRES;182 * VI;LEVE;CONDUTOR;MUNICIPAL/RODOV;53,21
56223;PARAR NAS ILHAS OU REFÚGIOS;182 * VI;LEVE;CONDUTOR;MUNICIPAL/RODOV;53,21
56224;PARAR NOS CANTEIROS CENTRAIS/DIVISORES DE PISTA DE ROLAMENTO;182 * VI;LEVE;CONDUTOR;MUNICIPAL/RODOV;53,21
56225;PARAR NAS MARCAS DE CANALIZAÇÃO;182 * VI;LEVE;CONDUTOR;MUNICIPAL/RODOV;53,21
56810;"TRANSITAR NA FAIXA/PISTA DA DIREITA REGUL CIRCULAÇÃO
EXCLUSIVA DETERM VEÍCULO";184 * I;LEVE;CONDUTOR;MUNICIPAL/RODOV;53,21
59830;"ULTRAPASSAR VEÍCULO EM MOVIMENTO QUE INTEGRE
CORTEJO/DESFILE/FORMAÇÃO MILITAR";205;LEVE;CONDUTOR;MUNICIPAL/RODOV;53,21
64400;"FAZER USO DO FACHO DE LUZ ALTA DOS FARÓIS EM VIAS
PROVIDAS DE ILUMINAÇÃO PÚBLICA";224;LEVE;CONDUTOR;MUNICIPAL/RODOV;53,21
64830;"USAR BUZINA QUE NÃO A DE TOQUE BREVE COMO
ADVERTÊNCIA A PEDESTRE OU CONDUTORES";227 * I;LEVE;CONDUTOR;MUNICIPAL/RODOV;53,21
64910;USAR BUZINA PROLONGADA E SUCESSIVAMENTE A QUALQUER PRETEXTO;227 * II;LEVE;CONDUTOR;MUNICIPAL/RODOV;53,21
65050;USAR BUZINA ENTRE AS VINTE E DUAS E AS SEIS HORAS;227 * III;LEVE;CONDUTOR;MUNICIPAL/RODOV;53,21
65130;"USAR BUZINA EM LOCAIS E HORÁRIOS PROIBIDOS PELA
SINALIZAÇÃO";227 * IV;LEVE;CONDUTOR;MUNICIPAL/RODOV;53,21
65210;"USAR BUZINA EM DESACORDO C/ OS PADRÕES E
FREQÜÊNCIAS ESTABELECIDAS PELO CONTRAN";227 * V;LEVE;PROPRIETÁRIO;MUNICIPAL/RODOV;53,21
69120;"CONDUZIR VEÍCULO SEM OS DOCUMENTOS DE PORTE
OBRIGATÓRIO REFERIDOS NO CTB";232;LEVE;CONDUTOR;ESTADUAL/RODOV;53,21
70051;DEIXAR DE ATUALIZAR O CADASTRO DE REGISTRO DO VEÍCULO;241;LEVE;PROPRIETÁRIO;ESTADUAL;53,21
70052;"DEIXAR DE ATUALIZAR O CADASTRO DE HABILITAÇÃO DO
CONDUTOR";241;LEVE;CONDUTOR;ESTADUAL;53,21
73820;"É PROIBIDO AO PEDESTRE PERMANECER/ANDAR PISTA,
EXCETO P/ CRUZÁ-LAS ONDE PERMITIDO";254 * I;LEVE;PEDESTRE;MUNICIPAL/RODOV;26,605
73901;"É PROIBIDO AO PEDESTRE CRUZAR PISTA DE ROLAMENTO
DE VIADUTO EXC ONDE PERMITIDO";254 * II;LEVE;PEDESTRE;MUNICIPAL/RODOV;26,605
73902;"É PROIBIDO AO PEDESTRE CRUZAR PISTA DE ROLAMENTO
DE PONTE EXCETO ONDE PERMITIDO";254 * II;LEVE;PEDESTRE;MUNICIPAL/RODOV;26,605
73903;"É PROIBIDO AO PEDESTRE CRUZAR PISTA DE ROLAMENTO
DE TÚNEIS EXCETO ONDE PERMITIDO";254 * II;LEVE;PEDESTRE;MUNICIPAL/RODOV;26,605
74040;"É PROIBIDO AO PEDESTRE ATRAVESSAR VIA ÁREA
CRUZAMENTO EXC ONDE PERMITIDO P/ SINALIZ";254 * III;LEVE;PEDESTRE;MUNICIPAL/RODOV;26,605
74120;"É PROIB PEDESTRE UTILIZAR VIA EM AGRUPAM QUE
PERTURBE TRÂNS/PRÁT ESPORTE/DESFILE";254 * IV;LEVE;PEDESTRE;MUNICIPAL/RODOV;26,605
74201;É PROIBIDO AO PEDESTRE ANDAR FORA DA FAIXA PRÓPRIA;254 * V;LEVE;PEDESTRE;MUNICIPAL/RODOV;26,605
74202;É PROIBIDO AO PEDESTRE ANDAR FORA DA PASSARELA;254 * V;LEVE;PEDESTRE;MUNICIPAL/RODOV;26,605
74203;"É PROIBIDO AO PEDESTRE ANDAR FORA DA PASSAGEM
AÉREA";254 * V;LEVE;PEDESTRE;MUNICIPAL/RODOV;26,605
74204;"É PROIBIDO AO PEDESTRE ANDAR FORA DA PASSAGEM
SUBTERRÂNEA";254 * V;LEVE;PEDESTRE;MUNICIPAL/RODOV;26,605
74390;"É PROIBIDO AO PEDESTRE DESOBEDECER A SINALIZAÇÃO
DE TRÂNSITO ESPECÍFICA";254 * VI;LEVE;PEDESTRE;MUNICIPAL/RODOV;26,605
52232;"USAR VEÍCULO PARA ARREMESSAR SOBRE OS VEÍCULOS
ÁGUA OU DETRITOS";171;MEDIA;CONDUTOR;MUNICIPAL/RODOV;85,13
52311;ATIRAR DO VEÍCULO OBJETOS OU SUBSTÂNCIAS;172;MEDIA;CONDUTOR;MUNICIPAL/RODOV;85,13
52312;ABANDONAR NA VIA OBJETOS OU SUBSTÂNCIAS;172;MEDIA;CONDUTOR;MUNICIPAL/RODOV;85,13
53470;"DEIXAR O CONDUTOR ENVOLVIDO EM ACIDENTE S/ VÍTIMA,
DE REMOVER O VEÍCULO DO LOCAL";178;MEDIA;CONDUTOR;MUNICIPAL/RODOV;85,13
53710;"TER SEU VEÍCULO IMOBILIZADO NA VIA POR FALTA DE
COMBUSTÍVEL";180;MEDIA;CONDUTOR;MUNICIPAL/RODOV;85,13
53800;"ESTACIONAR NAS ESQUINAS E A MENOS DE 5M DO
ALINHAMENTO DA VIA TRANSVERSAL";181 * I;MEDIA;CONDUTOR;MUNICIPAL/RODOV;85,13
54100;"ESTACIONAR EM DESACORDO COM AS POSIÇÕES
ESTABELECIDAS NO CTB";181 * IV;MEDIA;CONDUTOR;MUNICIPAL/RODOV;85,13
54360;"ESTACIONAR JUNTO/SOBRE HIDR DE INCÊNDIO, REG DE
ÁGUA/TAMPA DE POÇO VISIT GAL SUB";181, VI;MEDIA;CONDUTOR;MUNICIPAL/RODOV;85,13
54600;"ESTACIONAR EM GUIA DE CALÇADA REBAIXADA DESTINAD
À ENTRADA/SAÍDA DE VEÍCULOS";181 * IX;MEDIA;"A
CONDUTOR";MUNICIPAL/RODOV;85,13
54790;"ESTACIONAR IMPEDINDO A MOVIMENTAÇÃO DE OUTRO
VEÍCULO";181 * X;MEDIA;CONDUTOR;MUNICIPAL/RODOV;85,13
55090;"ESTACIONAR NO PONTO DE EMBARQUE/DESEMBARQUE DE
PASSAGEIROS TRANSPORTE COLETIVO";181 * XIII;MEDIA;CONDUTOR;MUNICIPAL/RODOV;85,13
55250;ESTACIONAR NA CONTRAMÃO DE DIREÇÃO;181 * XV;MEDIA;CONDUTOR;MUNICIPAL/RODOV;85,13
55500;"ESTACIONAR EM LOCAL/HORÁRIO PROIBIDO
ESPECIFICAMENTE PELA SINALIZAÇÃO";181 * XVIII;MEDIA;CONDUTOR;MUNICIPAL/RODOV;85,13
55760;"PARAR NAS ESQUINAS E A MENOS 5M DO BORDO DO
ALINHAMENTO DA VIA TRANSVERSAL";182 * I;MEDIA;CONDUTOR;MUNICIPAL/RODOV;85,13
76171;"USAR QUALQUER VEÍCULO PARA, DELIBERADAMENTE,
INTERROMPER A CIRCULAÇÃO NA VIA SEM AUTORIZAÇÃO DO ÓRGÃO";253-A;MEDIA;CONDUTOR;MUNICIPAL/RODOV;5864,4
76172;"USAR QUALQUER VEÍCULO PARA, DELIBERADAMENTE,
RESTRINGIR A CIRCULAÇÃO NA VIA SEM AUTORIZAÇÃO DO ÓRGÃO";253-A;MEDIA;CONDUTOR;MUNICIPAL/RODOV;5864,4
76173;USAR QUALQUER VEÍCULO PARA, DELIBERADAMENTE, PERTURBAR A CIRCULAÇÃO NA VIA SEM AUTORIZAÇÃO DO ORGÃO;253-A;MEDIA;CONDUTOR;MUNICIPAL/RODOV;5864,4
50020;"MULTA, POR NÃO IDENTIFICAÇÃO DO CONDUTOR INFRATOR,
IMPOSTA À PESSOA JURÍDICA";257, § 8º;SEM INF;PROPRIETÁRIO;EST/MUNIC/RODOV;0
74801;"APROVAR PROJ EDIFICAÇÃO PÓLO ATRATIVO TRÂNSITO S/
ANUÊNCIA ÓRGÃO/ENTID TRÂNSITO";93 c/c 95, § 4º;SEM INF;SERV. PÚBLICO;MUNICIPAL/RODOV;0
74802;"APROVAR PROJ EDIFICAÇÃO PÓLO ATRATIVO TRÂNS S/
ESTACION/INDICAÇÃO VIAS DE ACESSO";93 c/c 95, § 4º;SEM INF;SERV. PÚBLICO;MUNICIPAL/RODOV;0
74980;Ñ SINALIZAR DEVIDA/IMED OBSTÁCULO À CIRCUL/SEGURANÇA VEÍC/PEDESTRE PISTA/CALÇADA;94;SEM INF;SERV. PÚBLICO;MUNICIPAL/RODOV;0
75010;"UTILIZAR ONDULAÇÃO TRANSVERSAL/SONORIZADOR FORA
PADRÃO/CRITÉRIO ESTAB P/ CONTRAN";"94, parágrafo
único";SEM INF;SERV. PÚBLICO;MUNICIPAL/RODOV;0
75101;INICIAR OBRA PERTURBE/INTERROMPA CIRCULAÇÃO/SEGURANÇA VEÍC/PEDESTRES S/PERMISSÃO;95;SEM INF;PROPRIETÁRIO;MUNICIPAL/RODOV;0
75102;"INICIAR EVENTO PERTURBE/INTERROMPA
CIRCULAÇ/SEGURANÇA VEÍC/PEDESTRES S/PERMISSÃO";95;SEM INF;PROPRIETÁRIO;MUNICIPAL/RODOV;0
75281;NÃO SINALIZAR A EXECUÇÃO OU MANUTENÇÃO DA OBRA;95, § 1º;SEM INF;PROPRIETÁRIO;MUNICIPAL/RODOV;0
75282; NÃO SINALIZAR A EXECUÇÃO OU MANUTENÇÃO DO EVENTO;95, § 1º;SEM INF;PROPRIETÁRIO;MUNICIPAL/RODOV;0
76019;ORGANIZAR A CONDUTA PREVISTA NO CAPUT ART.253-A ;art.253-A ;GRAVISSIMA;PF OU PJ;MUNICIPAL/RODOV;17608,2
76251;ESTACIONAR NAS VAGAS RESERV ÀS PESS C/ DEFICIÊNCIA, S/ CREDENCIAL;181, XX;GRAVISSIMA;CONDUTOR;MUNICIPAL/RODOV;191,54
76252;ESTACIONAR NAS VAGAS RESERV A IDOSOS, S/ CREDENCIAL;181, XX;GRAVISSIMA;CONDUTOR;MUNICIPAL/RODOV;191,54
76331;DIRIGIR VEÍCULO SEGURANDO TELEFONE CELULAR;252, § único;GRAVISSIMA;CONDUTOR;EST/MUNIC/RODOV;191,54
76332;DIRIGIR VEÍCULO MANUSEANDO TELEFONE CELULAR;;GRAVISSIMA;CONDUTOR;EST/MUNIC/RODOV;191,54
51691;DIRIGIR SOB A INFLUÊNCIA DE ÁLCOOL;165;GRAVISSIMA;CONDUTOR;ESTADUAL/RODOV;957,7
51692;DIRIGIR SOB INFLUÊNCIA DE QUALQUER OUTRA SUBSTÂNCIA QUE DETERMINE DEPENDÊNCIA;165;GRAVISSIMA;CONDUTOR;ESTADUAL/RODOV;957,7
52151;DIRIGIR AMEAÇANDO OS PEDESTRES QUE ESTEJAM ATRAVESSANDO A VIA PÚBLICA;170;GRAVISSIMA;CONDUTOR;EST/MUNIC/RODOV;191,54
52152;DIRIGIR AMEAÇANDO OS DEMAIS VEÍCULOS;170;GRAVISSIMA;CONDUTOR;EST/MUNIC/RODOV;191,54
52400;DISPUTAR CORRIDA;173;GRAVISSIMA;CONDUTOR;ESTADUAL/RODOV;574,62
52662;PARTICIPAR NA VIA COMO CONDUTOR EM EVENTOS ORGANIZADOS SEM PERMISSÃO;174;GRAVISSIMA;CONDUTOR;ESTADUAL/RODOV;957,7
52663;PATICIPAR COMO CONDUTOR EXIB/DEMONST PERÍC MANOBRA DE VEIC, S/ PERMISSÃO;174;GRAVISSIMA;CONDUTOR;ESTADUAL/RODOV;957,7
65561;"CONDUZIR O VEÍCULO COM O LACRE DE IDENTIFICAÇÃO
VIOLADO/FALSIFICADO";230 * I;GRAVISSIMA;PROPRIETÁRIO;ESTADUAL/RODOV;191,54
65562;"CONDUZIR O VEÍCULO COM A INSCRIÇÃO DO CHASSI
VIOLADA/FALSIFICADA";230 * I;GRAVISSIMA;PROPRIETÁRIO;ESTADUAL/RODOV;191,54
65563;CONDUZIR O VEÍCULO COM O SELO VIOLADO/FALSIFICADO;230 * I;GRAVISSIMA;PROPRIETÁRIO;ESTADUAL/RODOV;191,54
65564;CONDUZIR O VEÍCULO COM A PLACA VIOLADA/FALSIFICADA;230 * I;GRAVISSIMA;PROPRIETÁRIO;ESTADUAL/RODOV;191,54
65565;CONDUZIR O VEÍCULO COM QUALQUER OUTRO ELEM DE IDENTIFICAÇÃO VIOLADO/FALSIFICADO;230 * I;GRAVISSIMA;PROPRIETÁRIO;ESTADUAL/RODOV;191,54
65640;"CONDUZIR O VEÍCULO TRANSPORTANDO PASSAGEIROS EM
COMPARTIMENTO DE CARGA";230 * II;GRAVISSIMA;CONDUTOR;MUNICIPAL/RODOV;191,54
65720;CONDUZIR O VEÍCULO COM DISPOSITIVO ANTI-RADAR;230 * III;GRAVISSIMA;PROPRIETÁRIO;ESTADUAL/RODOV;191,54
65800;"CONDUZIR O VEÍCULO SEM QUALQUER UMA DAS PLACAS
DE IDENTIFICAÇÃO";230 * IV;GRAVISSIMA;PROPRIETÁRIO;ESTADUAL/RODOV;191,54
65991;CONDUZIR O VEÍCULO QUE NÃO ESTEJA REGISTRADO;230 * V;GRAVISSIMA;PROPRIETÁRIO;ESTADUAL/RODOV;191,54
65992;"CONDUZIR O VEÍCULO REGISTRADO QUE NÃO ESTEJA
DEVIDAMENTE LICENCIADO";230 * V;GRAVISSIMA;PROPRIETÁRIO;ESTADUAL/RODOV;191,54
66020;CONDUZIR O VEÍCULO COM QUALQUER UMA DAS PLACAS SEM LEGIBILIDADE E VISIBILIDADE;230 * VI;GRAVISSIMA;PROPRIETÁRIO;ESTADUAL/RODOV;191,54
67770;"TRANSITAR COM O VEÍCULO DANIFICANDO A VIA, SUAS
INSTALAÇÕES E EQUIPAMENTOS";231 * I;GRAVISSIMA;CONDUTOR;MUNICIPAL/RODOV;191,54
67851;TRANSITAR COM VEÍCULO DERRAMANDO A CARGA QUE ESTEJA TRANSPORTANDO;231 * II * a;GRAVISSIMA;CONDUTOR;MUNICIPAL/RODOV;191,54
67852;"TRANSITAR COM VEÍCULO LANÇANDO A CARGA QUE ESTEJA
TRANSPORTANDO";231 * II * a;GRAVISSIMA;CONDUTOR;MUNICIPAL/RODOV;191,54
67853;TRANSITAR COM VEÍCULO ARRASTANDO A CARGA QUE ESTEJA TRANSPORTANDO;231 * II * a;GRAVISSIMA;CONDUTOR;MUNICIPAL/RODOV;191,54
67930;"TRANSITAR COM VEÍC DERRAMANDO/LANÇANDO
COMBUSTÍVEL/LUBRIF QUE ESTEJA UTILIZANDO";231 * II * b;GRAVISSIMA;CONDUTOR;MUNICIPAL/RODOV;191,54
68070;TRANSITAR C/VEÍC DERRAMAN/LANÇANDO/ARRASTANDO OBJETO POSSA ACARRETAR RISCO ACID;231 * II * c;GRAVISSIMA;CONDUTOR;MUNICIPAL/RODOV;191,54
69040;"TRANSITAR COM O VEÍCULO EXCEDENDO A CMT ACIMA
DE 1.000 KG";231 * X;GRAVISSIMA;PROPRIETÁRIO;MUNICIPAL/RODOV;191,54
69391;FALSIFICAR OU ADULTERAR DOCUMENTO DE HABILITAÇÃO;234;GRAVISSIMA;CONDUTOR;ESTADUAL/RODOV;191,54
69392;"FALSIFICAR OU ADULTERAR DOCUMENTO DE IDENTIFICAÇÃO
DO VEÍCULO";234;GRAVISSIMA;CONDUTOR;ESTADUAL/RODOV;191,54
69710;RECUSAR-SE A ENTREGAR CNH/CRV/CRLV/ OUTROS DOCUMENTOS;238;GRAVISSIMA;CONDUTOR;ESTADUAL/RODOV;191,54
60173;"EXECUTAR OPERAÇÃO DE RETORNO PASSANDO POR CIMA
DE AJARDINAMENTO";206 * III;GRAVISSIMA;CONDUTOR;MUNICIPAL/RODOV;191,54
60174;EXECUTAR OPERAÇÃO DE RETORNO PASSANDO POR CIMA DE CANTEIRO DE DIVISOR DE PISTA;206 * III;GRAVISSIMA;CONDUTOR;MUNICIPAL/RODOV;191,54
60175;"EXECUTAR OPERAÇÃO DE RETORNO PASSANDO POR CIMA
DE FAIXA DE PEDESTRES";206 * III;GRAVISSIMA;CONDUTOR;MUNICIPAL/RODOV;191,54
60176;EXECUTAR OPERAÇÃO DE RETORNO PASSANDO POR CIMA DE FAIXA DE VEÍC NÃO MOTORIZADOS;206 * III;GRAVISSIMA;CONDUTOR;MUNICIPAL/RODOV;191,54
60250;"EXECUTAR RETORNO NAS INTERSEÇÕES, ENTRANDO NA
CONTRAMÃO DA VIA TRANSVERSAL";206 * IV;GRAVISSIMA;CONDUTOR;MUNICIPAL/RODOV;191,54
60330;EXECUTAR RETORNO C/PREJUÍZO DA CIRCULAÇÃO/SEGURANÇA AINDA QUE EM LOCAL PERMITIDO;206 * V;GRAVISSIMA;CONDUTOR;MUNICIPAL/RODOV;191,54
60501;AVANÇAR O SINAL VERMELHO DO SEMÁFORO;208;GRAVISSIMA;CONDUTOR;MUNICIPAL/RODOV;191,54
60502;AVANÇAR O SINAL DE PARADA OBRIGATÓRIA;208;GRAVISSIMA;CONDUTOR;MUNICIPAL/RODOV;191,54
60503;"AVANÇAR O SINAL VERMELHO DO SEMÁFORO -
FISCALIZAÇÃO ELETRÔNICA";208;GRAVISSIMA;CONDUTOR;MUNICIPAL/RODOV;191,54
60920;DEIXAR DE PARAR O VEÍCULO ANTES DE TRANSPOR LINHA FÉRREA;212;GRAVISSIMA;CONDUTOR;MUNICIPAL/RODOV;191,54
61060;"DEIXAR DE PARAR SEMPRE QUE A MARCHA FOR
INTERCEPTADA POR AGRUPAMENTO DE PESSOAS";213 * I;GRAVISSIMA;CONDUTOR;MUNICIPAL/RODOV;191,54
61220;DEIXAR DE DAR PREFERÊNCIA A PEDESTRE/VEIC Ñ MOTORIZADO NA FAIXA A ELE DESTINADA;214 * I;GRAVISSIMA;CONDUTOR;MUNICIPAL/RODOV;191,54
61300;"DEIXAR DE DAR PREFERÊNCIA A PEDESTRE/VEIC Ñ MOT
QUE Ñ HAJA CONCLUÍDO A TRAVESSIA";214 * II;GRAVISSIMA;CONDUTOR;MUNICIPAL/RODOV;191,54
61490;DEIXAR DE DAR PREFERÊNCIA A PEDESTRE PORT DEFICIÊNCIA FÍS/CRIANÇA/IDOSO/GESTANTE;214 * III;GRAVISSIMA;CONDUTOR;MUNICIPAL/RODOV;191,54
62620;"DEIXAR DE REDUZIR A VELOC QDO SE APROXIMAR DE
PASSEATA/AGLOMERAÇÃO/DESFILE/ETC";220 * I;GRAVISSIMA;CONDUTOR;MUNICIPAL/RODOV;191,54
63941;DEIXAR DE REDUZIR A VELOCIDADE NAS PROXIMIDADES DE ESCOLAS;220 * XIV;GRAVISSIMA;CONDUTOR;MUNICIPAL/RODOV;191,54
63942;"DEIXAR DE REDUZIR A VELOCIDADE NAS PROXIMIDADES
DE HOSPITAIS";220 * XIV;GRAVISSIMA;CONDUTOR;MUNICIPAL/RODOV;191,54
63943;DEIXAR DE REDUZIR VELOC NA PROXIM ESTAÇÃO EMBARQUE/DESEMBARQUE PASSAGEIROS;220 * XIV;GRAVISSIMA;CONDUTOR;MUNICIPAL/RODOV;191,54
63944;"DEIXAR DE REDUZIR VELOC ONDE HAJA INTENSA
MOVIMENTAÇÃO DE PEDESTRES";220 * XIV;GRAVISSIMA;CONDUTOR;MUNICIPAL/RODOV;191,54
58198;TRANSITAR COM O VEÍCULO EM PASSARELAS    ;193;GRAVISSIMA;CONDUTOR;MUNICIPAL/RODOV;574,62
58860;ULTRAP PELA DIREITA VEÍC TRANSP COLET/ESCOLAR PARADO PARA EMB/DESEMB PASSAGEIROS;200;GRAVISSIMA;CONDUTOR;MUNICIPAL/RODOV;191,54
59080;ULTRAPASSAR PELO ACOSTAMENTO;202 * I;GRAVE;CONDUTOR;MUNICIPAL/RODOV;127,69
59161;ULTRAPASSAR EM INTERSEÇÕES;202 * II;GRAVE;CONDUTOR;MUNICIPAL/RODOV;127,69
59162;ULTRAPASSAR EM PASSAGEM DE NÍVEL;202 * II;GRAVE;CONDUTOR;MUNICIPAL/RODOV;127,69
59241;ULTRAPASSAR PELA CONTRAMÃO NAS CURVAS SEM VISIBILIDADE SUFICIENTE;203 * I;GRAVISSIMA;CONDUTOR;MUNICIPAL/RODOV;191,54
59242;"ULTRAPASSAR PELA CONTRAMÃO NOS ACLIVES OU
DECLIVES, SEM VISIBILIDADE SUFICIENTE";203 * I;GRAVISSIMA;CONDUTOR;MUNICIPAL/RODOV;191,54
59320;ULTRAPASSAR PELA CONTRAMÃO NAS FAIXAS DE PEDESTRE;203 * II;GRAVISSIMA;CONDUTOR;MUNICIPAL/RODOV;191,54
59401;ULTRAPASSAR PELA CONTRAMÃO NAS PONTES;;GRAVISSIMA;CONDUTOR;MUNICIPAL/RODOV;191,54
59402;ULTRAPASSAR PELA CONTRAMÃO NOS VIADUTOS;;GRAVISSIMA;CONDUTOR;MUNICIPAL/RODOV;191,54
59403;ULTRAPASSAR PELA CONTRAMÃO NOS TÚNEIS;;GRAVISSIMA;CONDUTOR;MUNICIPAL/RODOV;191,54
59591;"ULTRAPASSAR PELA CONTRAMÃO VEÍCULO PARADO EM FILA
JUNTO SINAL LUMINOSO";;GRAVISSIMA;CONDUTOR;MUNICIPAL/RODOV;191,54
59592;"ULTRAPASSAR PELA CONTRAMÃO VEÍCULO PARADO EM FILA
JUNTO A CANCELA/PORTEIRA";203 * IV;GRAVISSIMA;CONDUTOR;MUNICIPAL/RODOV;191,54
59593;"ULTRAPASSAR PELA CONTRAMÃO VEÍCULO PARADO EM FILA
JUNTO A CRUZAMENTO";203 * IV;GRAVISSIMA;CONDUTOR;MUNICIPAL/RODOV;191,54
59594;"ULTRAPASSAR PELA CONTRAMÃO VEÍC PARADO EM FILA
JUNTO QQ IMPEDIMENTO À CIRCULAÇÃO";203 * IV;GRAVISSIMA;CONDUTOR;MUNICIPAL/RODOV;191,54
59670;"ULTRAPASSAR PELA CONTRAMÃO LINHA DE DIVISÃO DE
FLUXOS OPOSTOS, CONTÍNUA AMARELA";203 * V;GRAVISSIMA;CONDUTOR;MUNICIPAL/RODOV;191,54
59910;"EXECUTAR OPERAÇÃO DE RETORNO EM LOCAIS PROIBIDOS
PELA SINALIZAÇÃO";206 * I;GRAVISSIMA;CONDUTOR;MUNICIPAL/RODOV;191,54
60091;EXECUTAR OPERAÇÃO DE RETORNO NAS CURVAS;;GRAVISSIMA;CONDUTOR;MUNICIPAL/RODOV;191,54
60092;"EXECUTAR OPERAÇÃO DE RETORNO NOS ACLIVES OU
DECLIVES";;GRAVISSIMA;CONDUTOR;MUNICIPAL/RODOV;191,54
60093;EXECUTAR OPERAÇÃO DE RETORNO NAS PONTES;;GRAVISSIMA;CONDUTOR;MUNICIPAL/RODOV;191,54
60094;EXECUTAR OPERAÇÃO DE RETORNO NOS VIADUTOS;;GRAVISSIMA;CONDUTOR;MUNICIPAL/RODOV;191,54
60095;EXECUTAR OPERAÇÃO DE RETORNO NOS TÚNEIS;;GRAVISSIMA;CONDUTOR;MUNICIPAL/RODOV;191,54
60171;"EXECUTAR OPERAÇÃO DE RETORNO PASSANDO POR CIMA
DE CALÇADA, PASSEIO";;GRAVISSIMA;CONDUTOR;MUNICIPAL/RODOV;191,54
60172;EXECUTAR OPERAÇÃO DE RETORNO PASSANDO POR CIMA DE ILHA, REFÚGIO;206 * III;GRAVISSIMA;CONDUTOR;MUNICIPAL/RODOV;191,54
51770;"CONFIAR/ENTREGAR VEÍC PESS C/ ESTADO FÍSICO/PSÍQUICO
S/ CONDIÇÕES DIRIGIR SEGUR";166;GRAVISSIMA;PROPRIETÁRIO;ESTADUAL/RODOV;191,54
51930;"TRANSPORTAR CRIANÇA SEM OBSERVÂNCIA DAS NORMAS
DE SEGURANÇA ESTABELECIDAS P/ CTB";168;GRAVISSIMA;CONDUTOR;EST/MUNIC/RODOV;191,54
52581;"PROMOVER NA VIA COMPETIÇÃO ESPORTIVA SEM
PERMISSÃO";174;GRAVISSIMA;PROPRIETÁRIO;MUNICIPAL/RODOV;957,7
52582;"PROMOVER NA VIA EVENTOS ORGANIZADOS SEM
PERMISSÃO";174;GRAVISSIMA;PROPRIETÁRIO;MUNICIPAL/RODOV;957,7
52583;"PROMOVER NA VIA EXIBIÇÃO E DEMONSTRAÇÃO DE
PERÍCIA EM MANOBRA DE VEÍCULO S/PERM";174;GRAVISSIMA;PROPRIETÁRIO;MUNICIPAL/RODOV;957,7
54281;ESTACIONAR NA PISTA DE ROLAMENTO DAS ESTRADAS;181 * V;GRAVISSIMA;CONDUTOR;MUNICIPAL/RODOV;191,54
54282;ESTACIONAR NA PISTA DE ROLAMENTO DAS RODOVIAS;181 * V;GRAVISSIMA;CONDUTOR;MUNICIPAL/RODOV;191,54
54283;"ESTACIONAR NA PISTA DE ROLAMENTO DAS VIAS DE
TRÂNSITO RÁPIDO";181 * V;GRAVISSIMA;CONDUTOR;MUNICIPAL/RODOV;191,54
54284;"ESTACIONAR NA PISTA DE ROLAMENTO DAS VIAS DOTADAS
DE ACOSTAMENTO";181 * V;GRAVISSIMA;CONDUTOR;MUNICIPAL/RODOV;191,54
57380;"TRANSITAR PELA CONTRAMÃO DE DIREÇÃO EM VIA C/
SINALIZAÇÃO DE REGUL SENTIDO ÚNICO";186 * II;GRAVISSIMA;CONDUTOR;MUNICIPAL/RODOV;191,54
57701;"DEIXAR DE DAR PASSAGEM A VEÍC PRECEDIDO DE
BATEDORES DEVIDAMENTE IDENTIFICADOS";189;GRAVISSIMA;CONDUTOR;EST/MUNIC/RODOV;191,54
57702;"DEIXAR DE DAR PASSAGEM A VEÍC SOCORRO
INCÊNDIO/SALV SERV URGÊNCIA DEVID IDENTIF";189;GRAVISSIMA;CONDUTOR;EST/MUNIC/RODOV;191,54
57703;"DEIXAR DE DAR PASSAGEM A VEÍC DE POLÍCIA EM
SERVIÇO DE URGÊNCIA DEVID IDENTIF";189;GRAVISSIMA;CONDUTOR;EST/MUNIC/RODOV;191,54
57704;"DEIXAR DE DAR PASSAGEM A VEÍC DE OPERAÇÃO E
FISCALIZAÇÃO DE TRÂNSITO DEVID IDENT";189;GRAVISSIMA;CONDUTOR;EST/MUNIC/RODOV;191,54
57705;"DEIXAR DE DAR PASSAGEM A AMBULÂNCIA EM SERVIÇO
DE URGÊNCIA DEVID IDENTIFICADA";189;GRAVISSIMA;CONDUTOR;EST/MUNIC/RODOV;191,54
58191;TRANSITAR COM O VEÍCULO EM CALÇADAS, PASSEIOS;193;GRAVISSIMA;CONDUTOR;MUNICIPAL/RODOV;574,62
58192;TRANSITAR COM O VEÍCULO EM CICLOVIAS, CICLOFAIXAS;193;GRAVISSIMA;CONDUTOR;MUNICIPAL/RODOV;574,62
58193;"TRANSITAR COM O VEÍCULO EM AJARDINAMENTOS,
GRAMADOS, JARDINS PÚBLICOS";193;GRAVISSIMA;PROPRIETÁRIO;MUNICIPAL/RODOV;574,62
58194;"TRANSITAR COM O VEÍCULO EM CANTEIROS
CENTRAIS/DIVISORES DE PISTA DE ROLAMENTO";193;GRAVISSIMA;CONDUTOR;MUNICIPAL/RODOV;574,62
58195;TRANSITAR COM O VEÍCULO EM ILHAS, REFÚGIOS;193;GRAVISSIMA;CONDUTOR;MUNICIPAL/RODOV;574,62
58196;TRANSITAR COM O VEÍCULO EM MARCAS DE CANALIZAÇÃO;193;GRAVISSIMA;CONDUTOR;MUNICIPAL/RODOV;574,62
58197;TRANSITAR COM O VEÍCULO EM ACOSTAMENTOS;193;GRAVISSIMA;CONDUTOR;MUNICIPAL/RODOV;574,62
50610;ENTREGAR VEÍCULO A PESSOA SEM CNH/PPD/ACC;163 c/c 162 * I;GRAVISSIMA;PROPRIETÁRIO;ESTADUAL/RODOV;574,62
50701;"ENTREGAR VEÍCULO A PESSOA COM CNH/PPD/ACC
CASSADA";163 c/c 162 * II;GRAVISSIMA;PROPRIETÁRIO;ESTADUAL/RODOV;957,7
50702;"ENTREGAR VEÍCULO A PESSOA COM CNH/PPD/ACC
COM SUSP. DO DIREITO DE DIRIGIR";163 c/c 162 * II;GRAVISSIMA;PROPRIETÁRIO;ESTADUAL/RODOV;957,7
50881;ENTREGAR VEÍCULO A PESSOA COM CNH DE CATEGORIA DIFERENTE DA DO VEÍCULO;163 c/c 162 * III;GRAVISSIMA;PROPRIETÁRIO;ESTADUAL/RODOV;574,62
50882;"ENTREGAR VEÍCULO A PESSOA COM PPD DE CATEGORIA
DIFERENTE DA DO VEÍCULO";163 c/c 162 * III;GRAVISSIMA;PROPRIETÁRIO;ESTADUAL/RODOV;574,62
50960;ENTREGAR VEÍCULO A PESSOA COM CNH/PPD VENCIDA HÁ MAIS DE 30 DIAS;163 c/c 162 * V;GRAVISSIMA;PROPRIETÁRIO;ESTADUAL/RODOV;191,54
51001;"ENTREGAR O VEÍCULO A PESSOA SEM USAR LENTES
CORRETORAS DE VISÃO";163 c/c 162 * VI;GRAVISSIMA;PROPRIETÁRIO;ESTADUAL/RODOV;191,54
51002;ENTREGAR O VEÍCULO A PESSOA SEM USAR APARELHO AUXILIAR DE AUDIÇÃO;163 c/c 162 * VI;GRAVISSIMA;PROPRIETÁRIO;ESTADUAL/RODOV;191,54
51003;"ENTREGAR O VEÍCULO A PESSOA SEM APARELHO DE
PRÓTESE FÍSICA";163 c/c 162 * VI;GRAVISSIMA;PROPRIETÁRIO;ESTADUAL/RODOV;191,54
51004;ENTREGAR VEÍC PESSOA S/ ADAPTAÇÕES IMPOSTAS CONCESSÃO/RENOVAÇÃO LICENÇA CONDUZIR;163 c/c 162 * VI;GRAVISSIMA;PROPRIETÁRIO;ESTADUAL/RODOV;191,54
51180;"PERMITIR POSSE/CONDUÇÃO DO VEÍCULO A PESSOA SEM
CNH/PPD/ACC";164 c/c 162 * I;GRAVISSIMA;PROPRIETÁRIO;ESTADUAL/RODOV;574,62
51261;"PERMITIR POSSE/CONDUÇÃO DO VEÍCULO A PESSOA COM
CNH/PPD/ACC CASSADA";164 c/c 162 * II;GRAVISSIMA;PROPRIETÁRIO;ESTADUAL/RODOV;957,7
51262;"PERMITIR POSSE/CONDUÇÃO VEÍC PESSOA COM
CNH/PPD/ACC C/ SUSP. DIREITO DE DIRIGIR";164 c/c 162 * II;GRAVISSIMA;PROPRIETÁRIO;ESTADUAL/RODOV;957,7
51341;"PERMITIR POSSE/CONDUÇÃO VEÍC A PESSOA COM CNH
CATEGORIA DIFERENTE DA DO VEÍCULO";164 c/c 162 * III;GRAVISSIMA;PROPRIETÁRIO;ESTADUAL/RODOV;574,62
51342;"PERMITIR POSSE/CONDUÇÃO VEÍC A PESSOA COM PPD
CATEGORIA DIFERENTE DA DO VEÍCULO";164 c/c 162 * III;GRAVISSIMA;PROPRIETÁRIO;ESTADUAL/RODOV;574,62
51420;"PERMITIR POSSE/CONDUÇÃO DO VEÍC A PESSOA COM
CNH/PPD VENCIDA HÁ MAIS DE 30 DIAS";164 c/c 162 * V;GRAVISSIMA;PROPRIETÁRIO;ESTADUAL/RODOV;191,54
51501;"PERMITIR POSSE/CONDUÇÃO DO VEÍCULO A PESSOA SEM
USAR LENTES CORRETORAS DE VISÃO";164 c/c 162 * VI;GRAVISSIMA;PROPRIETÁRIO;ESTADUAL/RODOV;191,54
51502;"PERMITIR POSSE/CONDUÇÃO DO VEÍCULO A PESSOA S/
USAR APARELHO AUXILIAR DE AUDIÇÃO";164 c/c 162 * VI;GRAVISSIMA;PROPRIETÁRIO;ESTADUAL/RODOV;191,54
51503;"PERMITIR POSSE/CONDUÇÃO DO VEÍCULO A PESSOA SEM
USAR APARELHO DE PRÓTESE FÍSICA";164 c/c 162 * VI;GRAVISSIMA;PROPRIETÁRIO;ESTADUAL/RODOV;191,54
51504;PERMITIR POSSE/COND VEÍC S/ ADAPTAÇÕES IMPOSTAS CONCESSÃO/RENOVAÇÃO LICENÇA COND;164 c/c 162 * VI;GRAVISSIMA;PROPRIETÁRIO;ESTADUAL/RODOV;191,54
64670;"DEIXAR DE SINALIZAR A VIA P/ TORNAR VISÍVEL O LOCAL
QDO A CARGA FOR DERRAMADA";225*II;GRAVE;CONDUTOR;MUNICIPAL/RODOV;127,69
65300;USAR NO VEÍCULO EQUIP C/ SOM EM VOLUME/FREQÜÊNCIA NÃO AUTORIZADOS PELO CONTRAN;228;GRAVE;CONDUTOR;MUNICIPAL/RODOV;127,69
66101;CONDUZIR O VEÍCULO COM A COR ALTERADA;230*VII;GRAVE;PROPRIETÁRIO;ESTADUAL/RODOV;127,69
66102;CONDUZIR O VEÍCULO COM CARACTERÍSTICA ALTERADA;230*VII;GRAVE;PROPRIETÁRIO;ESTADUAL/RODOV;127,69
66290;"CONDUZIR VEÍCULO S/ TER SIDO SUBMETIDO À INSPEÇÃO
SEG VEICULAR, QDO OBRIGATÓRIA";230 * VIII;GRAVE;PROPRIETÁRIO;ESTADUAL/RODOV;127,69
66371;CONDUZIR O VEÍCULO SEM EQUIPAMENTO OBRIGATÓRIO;230*IX;GRAVE;PROPRIETÁRIO;ESTADUAL/RODOV;127,69
66372;"CONDUZIR O VEÍCULO COM EQUIPAMENTO OBRIGATÓRIO
INEFICIENTE/INOPERANTE";230 * IX;GRAVE;PROPRIETÁRIO;ESTADUAL/RODOV;127,69
66450;CONDUZIR O VEÍCULO COM EQUIP OBRIGATÓRIO EM DESACORDO COM O ESTAB PELO CONTRAN;230 * X;GRAVE;PROPRIETÁRIO;ESTADUAL/RODOV;127,69
66531;CONDUZIR O VEÍCULO COM DESCARGA LIVRE;230 * XI;GRAVE;PROPRIETÁRIO;ESTADUAL/RODOV;127,69
66532;CONDUZIR O VEÍCULO COM SILENCIADOR DE MOTOR DEFEITUOSO/DEFICIENTE/INOPERANTE;230 * XI;GRAVE;PROPRIETÁRIO;ESTADUAL/RODOV;127,69
66610;"CONDUZIR O VEÍCULO COM EQUIPAMENTO OU ACESSÓRIO
PROIBIDO";230 * XII;GRAVE;PROPRIETÁRIO;ESTADUAL/RODOV;127,69
66700;CONDUZIR O VEÍCULO C/ EQUIP DO SISTEMA DE ILUMINAÇÃO E DE SINALIZAÇÃO ALTERADOS;230 * XIII;GRAVE;PROPRIETÁRIO;ESTADUAL/RODOV;127,69
66880;"CONDUZIR VEÍCULO C/ REGISTRADOR INSTAN INALT DE
VELOCIDADE/TEMPO VICIADO/DEFEITUOSO";230 * XIV;GRAVE;PROPRIETÁRIO;ESTADUAL/RODOV;127,69
66961;CONDUZIR C/ INSCR/ADESIVO/LEGENDA/SÍMBOLO AFIXADO PÁRA-BRISA E EXTENSÃO TRASEIRA;230 * XV;GRAVE;PROPRIETÁRIO;ESTADUAL/RODOV;127,69
66962;"CONDUZIR C/ INSCR/ADESIVO/LEGENDA/SÍMBOLO PINTADO
PÁRA-BRISA E EXTENSÃO TRASEIRA";230 * XV;GRAVE;PROPRIETÁRIO;ESTADUAL/RODOV;127,69
67000;CONDUZIR VEÍC COM VIDRO TOTAL/PARCIALMENTE COBERTO POR PELÍCULA, PAINÉIS/PINTURA;230 * XVI;GRAVE;PROPRIETÁRIO;ESTADUAL/RODOV;127,69
67180;"CONDUZIR O VEÍCULO COM CORTINAS OU PERSIANAS
FECHADAS";230 * XVII;GRAVE;PROPRIETÁRIO;ESTADUAL/RODOV;127,69
67261;CONDUZIR O VEÍCULO EM MAU ESTADO DE CONSERVAÇÃO, COMPROMETENDO A SEGURANÇA;230 * XVIII;GRAVE;PROPRIETÁRIO;ESTADUAL/RODOV;127,69
67262;"CONDUZIR O VEÍCULO REPROVADO NA AVALIAÇÃO DE
INSPEÇÃO DE SEGURANÇA";230 * XVIII;GRAVE;PROPRIETÁRIO;ESTADUAL/RODOV;127,69
67263;CONDUZIR O VEÍCULO REPROVADO NA AVALIAÇÃO DE EMISSÃO DE POLUENTES E RUÍDO;230 * XVIII;GRAVE;PROPRIETÁRIO;ESTADUAL/RODOV;127,69
67340;"CONDUZIR O VEÍCULO SEM ACIONAR O LIMPADOR DE PÁRA-
BRISA SOB CHUVA";230 * XIX;GRAVE;PROPRIETÁRIO;ESTADUAL/RODOV;127,69
65480;"USAR NO VEÍC ALARME/APARELHO PRODUZ SOM PERTURBE
SOSSEGO PÚB DESAC NORMA CONTRAN";229;MEDIA;CONDUTOR;ESTADUAL/RODOV;85,13
67500;CONDUZIR O VEÍC DE CARGA C/ FALTA INSCRIÇÃO DA TARA E DEMAIS PREVISTAS NO CTB;230 * XXI;MEDIA;PROPRIETÁRIO;ESTADUAL/RODOV;85,13
67690;"CONDUZIR VEÍC C/ DEFEITO NO SIST DE ILUMINAÇÃO,
SINALIZ OU LÂMPADAS QUEIMADAS";230, XXII;MEDIA;PROPRIETÁRIO;ESTADUAL/RODOV;85,13
68311;"TRANSITAR COM O VEÍCULO COM EXCESSO DE PESO
PBT/PBTC";231 * V;MEDIA;EMB/TRANSP;MUNICIPAL/RODOV;85,13
68312;"TRANSITAR COM O VEÍCULO COM EXCESSO DE PESO - POR
EIXO";231 * V;MEDIA;EMB/TRANSP;MUNICIPAL/RODOV;85,13
68313;TRANSITAR COM O VEÍCULO COM EXCESSO DE PESO - PBT/PBTC E POR EIXO;231 * V;MEDIA;EMB/TRANSP;MUNICIPAL/RODOV;85,13
68580;TRANSITAR COM O VEÍCULO COM LOTAÇÃO EXCEDENTE;231 * VII;MEDIA;CONDUTOR;EST/MUNIC/RODOV;85,13
68661;TRANSITAR EFETUANDO TRANSPORTE REMUNERADO DE PESSOAS QDO Ñ LICENCIADO P/ESSE FIM;231 * VIII;MEDIA;PROPRIETÁRIO;EST/MUNIC/RODOV;85,13
68662;"TRANSITAR EFETUANDO TRANSPORTE REMUNERADO DE BENS
QDO NÃO LICENCIADO P/ ESSE FIM";231 * VIII;MEDIA;PROPRIETÁRIO;EST/MUNIC/RODOV;85,13
68741;TRANSITAR COM O VEÍCULO DESLIGADO EM DECLIVE;231 * IX;MEDIA;CONDUTOR;MUNICIPAL/RODOV;85,13
68742;TRANSITAR COM O VEÍCULO DESENGRENADO EM DECLIVE;231 * IX;MEDIA;CONDUTOR;MUNICIPAL/RODOV;85,13
68820;"TRANSITAR COM O VEÍCULO EXCEDENDO A CMT EM ATÉ
600 KG";231 * X;MEDIA;PROPRIETÁRIO;MUNICIPAL/RODOV;85,13
69550;REBOCAR OUTRO VEÍCULO COM CABO FLEXÍVEL OU CORDA;236;MEDIA;CONDUTOR;MUNICIPAL/RODOV;85,13
70562;CONDUZIR CICLO FAZENDO MALABARISMO OU EQUILIBRANDO-SE EM UMA RODA;244 * III c/c §1º;MEDIA;CONDUTOR;MUNICIPAL/RODOV;85,13
70992;"CONDUZIR CICLO SEM SEGURAR O GUIDOM COM AMBAS
AS MÃOS";244 * VII c/c §1º;MEDIA;CONDUTOR;MUNICIPAL/RODOV;85,13
71022;CONDUZIR CICLO TRANSPORTANDO CARGA INCOMPATÍVEL;"244 * VIII c/c
§1º";MEDIA;CONDUTOR;MUNICIPAL/RODOV;85,13
71100;"CONDUZIR CICLO TRANSPORTANDO PASSAGEIRO FORA DA
GARUPA/ASSENTO A ELE DESTINADO";244 * §1º * a;MEDIA;CONDUTOR;MUNICIPAL/RODOV;85,13
71291;CONDUZIR CICLO VIA DE TRÂNS RÁPIDO OU RODOVIA SALVO SE HOUVER ACOSTAM/FX PRÓPRIA;244 * §1º * b;MEDIA;CONDUTOR;MUNICIPAL/RODOV;85,13
71292;CONDUZIR CICLOMOTOR EM VIA DE TRÂNSITO RÁPIDO;244 * §2º;MEDIA;CONDUTOR;MUNICIPAL/RODOV;85,13
71293;CONDUZIR CICLOMOTOR EM RODOVIA SALVO SE HOUVER ACOSTAMENTO OU FAIXA PRÓPRIA;244 * §2º;MEDIA;CONDUTOR;MUNICIPAL/RODOV;85,13
71370;"CONDUZIR CICLO TRANSPORTANDO CRIANÇA S/ CONDIÇÃO DE
CUIDAR PRÓPRIA SEGURANÇA";244 * §1º * c;MEDIA;CONDUTOR;MUNICIPAL/RODOV;85,13
64240;DEIXAR DE MANTER LIGADO EM EMERGÊNCIA O SISTEMA ILUM VERMELHA INTERMITENTE AINDA QUE PARADO  ;222;MEDIA;CONDUTOR;MUNICIPAL/RODOV;85,13
73150;DIRIGIR O VEÍCULO COM O BRAÇO DO LADO DE FORA;222;MEDIA;CONDUTOR;MUNICIPAL/RODOV;85,13
73662;DIRIGIR VEÍCULO UTILIZANDO-SE DE TELEFONE CELULAR;252 * VI;MEDIA;CONDUTOR;EST/MUNIC/RODOV;85,13
74472;CONDUZIR BICICLETA DE FORMA AGRESSIVA;255;MEDIA;CONDUTOR;MUNICIPAL/RODOV;85,13
54522;ESTACIONAR SOBRE FAIXA DESTINADA A PEDESTRE;181 * VIII;GRAVE;CONDUTOR;MUNICIPAL/RODOV;127,69
54523;ESTACIONAR SOBRE CICLOVIA OU CICLOFAIXA;181 * VIII;GRAVE;CONDUTOR;MUNICIPAL/RODOV;127,69
54524;ESTACIONAR NAS ILHAS OU REFÚGIOS;181 * VIII;GRAVE;CONDUTOR;MUNICIPAL/RODOV;127,69
54525;"ESTACIONAR AO LADO OU SOBRE CANTEIRO
CENTRAL/DIVISORES DE PISTA DE ROLAMENTO";181 * VIII;GRAVE;CONDUTOR;MUNICIPAL/RODOV;127,69
54526;ESTACIONAR AO LADO OU SOBRE MARCAS DE CANALIZAÇÃO;181 * VIII;GRAVE;CONDUTOR;MUNICIPAL/RODOV;127,69
54527;"ESTACIONAR AO LADO OU SOBRE GRAMADO OU JARDIM
PÚBLICO";181 * VIII;GRAVE;CONDUTOR;MUNICIPAL/RODOV;127,69
51851;DEIXAR O CONDUTOR DE  USAR O CINTO DE SEGURANÇA;167;GRAVE;CONDUTOR;MUNICIPAL/RODOV;127,69
51852;DEIXAR O PASSAGEIRO DE USAR O CINTO DE SEGURANÇA;167;GRAVE;CONDUTOR;MUNICIPAL/RODOV;127,69
53390;DEIXAR O CONDUTOR DE PRESTAR SOCORRO VÍTIMA ACIDENTE DE TRÂNSITO, QDO SOLICIT P/ AGENTE ;177;GRAVE;CONDUTOR;MUNICIPAL/RODOV;127,69
53550;FAZER OU DEIXAR QUE SE FAÇA REPARO EM VEÍCULO, EM RODOVIA E VIA DE TRÂNSITO RÁPIDO;179;GRAVE;CONDUTOR;MUNICIPAL/RODOV;127,69
54010;ESTACIONAR AFASTADO DA GUIA DA CALÇADA (MEIO-FIO) A MAIS DE 1M;181;GRAVE;CONDUTOR;MUNICIPAL/RODOV;127,69
54521;ESTACIONAR NO PASSEIO;181;GRAVE;CONDUTOR;MUNICIPAL/RODOV;127,69
54870;ESTACIONAR AO LADO DE OUTRO VEÍCULO EM FILA DUPLA;181 * XI;GRAVE;CONDUTOR;MUNICIPAL/RODOV;127,69
54950;ESTACIONAR NA ÁREA DE CRUZAMENTO DE VIAS;181 * XII;GRAVE;CONDUTOR;MUNICIPAL/RODOV;127,69
55171;ESTACIONAR NOS VIADUTOS;181 * XIV;GRAVE;CONDUTOR;MUNICIPAL/RODOV;127,69
55172;ESTACIONAR NAS PONTES;181 * XIV;GRAVE;CONDUTOR;MUNICIPAL/RODOV;127,69
55173;ESTACIONAR NOS TÚNEIS;181 * XIV;GRAVE;CONDUTOR;MUNICIPAL/RODOV;127,69
55330;ESTACIONAR ACLIVE/DECLIVE NÃO FREADO E SEM CALÇO SEGURANÇA, PBT SUPERIOR A 3500KG;181 * XVI;GRAVE;CONDUTOR;MUNICIPAL/RODOV;127,69
55411;ESTACIONAR EM DESACORDO COM A REGULAMENTAÇÃO ESPECIFICADA PELA SINALIZAÇÃO;181 * XVII;GRAVE;CONDUTOR;MUNICIPAL/RODOV;53,21
55412;ESTACIONAR EM DESACORDO COM A REGULAMENTAÇÃO - ESTACIONAMENTO ROTATIVO;181 * XVII;GRAVE;CONDUTOR;MUNICIPAL/RODOV;53,21
55413;ESTACIONAR EM DESACORDO COM A REGULAMENTAÇÃO - PONTO OU VAGA DE TÁXI;181 * XVII;GRAVE;CONDUTOR;MUNICIPAL/RODOV;53,21
55414;ESTACIONAR EM DESACORDO COM A REGULAMENTAÇÃO - VAGA DE CARGA/DESCARGA;181 * XVII;GRAVE;CONDUTOR;MUNICIPAL/RODOV;53,21
55417;ESTACIONAR EM DESACORDO COM A REGULAMENTAÇÃO - VAGA DE CURTA DURAÇÃO;181 * XVII;GRAVE;CONDUTOR;MUNICIPAL/RODOV;53,21
55680;ESTACIONAR LOCAL/HORÁRIO DE ESTACIONAMENTO E PARADA PROIBIDOS PELA SINALIZAÇÃO;181 * XIX;GRAVE;CONDUTOR;MUNICIPAL/RODOV;127,69
56141;PARAR NA PISTA DE ROLAMENTO DAS ESTRADAS;182 * V;GRAVE;CONDUTOR;MUNICIPAL/RODOV;127,69
56142;PARAR NA PISTA DE ROLAMENTO DAS RODOVIAS;182 * V;GRAVE;CONDUTOR;MUNICIPAL/RODOV;127,69
56143;PARAR NA PISTA DE ROLAMENTO DAS VIAS DE TRÂNSITO RÁPIDO;182 * V;GRAVE;CONDUTOR;MUNICIPAL/RODOV;127,69
56144;PARAR NA PISTA DE ROLAMENTO DAS DEMAIS VIAS DOTADAS DE ACOSTAMENTO;182 * V;GRAVE;CONDUTOR;MUNICIPAL/RODOV;127,69
56900;TRANSITAR NA FAIXA/PISTA DA ESQUERDA REGUL CIRCULAÇÃO EXCLUSIVA DETERM VEÍCULO;184 * II;GRAVE;CONDUTOR;MUNICIPAL/RODOV;127,69
57200;TRANSITAR PELA CONTRAMÃO DE DIREÇÃO EM VIA COM DUPLO SENTIDO DE CIRCULAÇÃO;186 * I;GRAVE;CONDUTOR;MUNICIPAL/RODOV;127,69
57890;"SEGUIR VEÍCULO EM SERV URGÊNCIA DEVID IDENTIFIC P/
ALARME SONORO/ILUM VERMELHA";190;GRAVE;CONDUTOR;MUNICIPAL/RODOV;127,69
58000;"DEIXAR GUARDAR DIST SEGURANÇA LAT/FRONT ENTRE SEU
VEÍCULO E DEMAIS E AO BORDO PISTA";192;GRAVE;CONDUTOR;MUNICIPAL/RODOV;127,69
58270;"TRANSITAR EM MARCHA RÉ, SALVO NA DISTÂNCIA
NECESSÁRIA A PEQUENAS MANOBRAS";194;GRAVE;CONDUTOR;MUNICIPAL/RODOV;127,69
58350;DESOBEDECER ÀS ORDENS EMANADAS DA AUTORID COMPET DE TRÂNSITO OU DE SEUS AGENTES;195;GRAVE;CONDUTOR;EST/MUNIC/RODOV;127,69
60683;EVADIR-SE PARA NÃO EFETUAR O PAGAMENTO DO PEDÁGIO;209;GRAVE;CONDUTOR;EST/MUNIC/RODOV;127,69
69204;DEIXAR DE EFETUAR REGISTRO DE VEÍCULO EM 30 DIAS, QDO HOUVER MUDANÇA DE CATEGORIA;233 c/c 123, IV;GRAVE;PROPRIETÁRIO;ESTADUAL;127,69
69471;CONDUZIR PESSOAS NAS PARTES EXTERNAS DO VEÍCULO;235;GRAVE;CONDUTOR;MUNICIPAL/RODOV;127,69
69472;CONDUZIR ANIMAIS NAS PARTES EXTERNAS DO VEÍCULO;235;GRAVE;CONDUTOR;MUNICIPAL/RODOV;127,69
69473;CONDUZIR CARGA NAS PARTES EXTERNAS DO VEÍCULO;235;GRAVE;CONDUTOR;MUNICIPAL/RODOV;127,69
69630;TRANS COM VEÍCULO DESAC C/ESPECIFICAÇÃO/FALTA DE INSCR/SIMBOLOGIA NECESSÁRIA IDENTIF;237;GRAVE;PROPRIETÁRIO;ESTADUAL/RODOV;127,69
69980;"DEIXAR RESPONSÁVEL DE PROMOVER BAIXA REGISTRO DE
VEÍC IRRECUPERÁVEL/DESMONTADO";240;GRAVE;PROPRIETÁRIO;ESTADUAL;127,69
70210;DEIXAR SEGURADORA DE COMUNICAR OCORRÊNCIA PERDA TOTAL VEÍC E DEVOLVER PLACAS/DOC;243;GRAVE;P. JURÍDICA;ESTADUAL;127,69
70800;"CONDUZIR MOTOCICLETA, MOTONETA E CICLOMOTOR
REBOCANDO OUTRO VEÍCULO";244 * VI;GRAVE;CONDUTOR;MUNICIPAL/RODOV;85,13
70991;CONDUZIR MOTOCICLETA/MOTONETA/CICLOMOTOR SEM SEGURAR O GUIDOM COM AMBAS AS MÃOS;244 * VII;GRAVE;CONDUTOR;MUNICIPAL/RODOV;85,13
71021;"CONDUZIR MOTOCICLETA, MOTONETA E CICLOMOTOR
TRANSPORTANDO CARGA INCOMPATÍVEL";244 * VIII;GRAVE;CONDUTOR;MUNICIPAL/RODOV;85,13
75600;CONDUZIR VEÍC DE TRANSP PASSAG OU CARGA EM DESACORDO C/ AS COND DO ART 67-A CTB;230, XXIII;GRAVE;CONDUTOR;MUNICIPAL/RODOV;127,69
50100;DIRIGIR VEÍCULO SEM POSSUIR CNH/PPD/ACC;162 * I;GRAVISSIMA;CONDUTOR;ESTADUAL/RODOV;574,62
50291;DIRIGIR VEÍCULO COM CNH/PPD/ACC CASSADA;162 * II;GRAVISSIMA;CONDUTOR;ESTADUAL/RODOV;957,7
50292;"DIRIGIR VEÍCULO COM CNH/PPD/ACC COM SUSPENSÃO
DO DIREITO DE DIRIGIR";162 * II;GRAVISSIMA;CONDUTOR;ESTADUAL/RODOV;957,7
50371;DIRIGIR VEÍCULO COM CNH DE CATEGORIA DIFERENTE DA DO VEÍCULO;162 * III;GRAVISSIMA;CONDUTOR;ESTADUAL/RODOV;574,62
50372;"DIRIGIR VEÍCULO COM PPD DE CATEGORIA DIFERENTE DA
DO VEÍCULO";162 * III;GRAVISSIMA;CONDUTOR;ESTADUAL/RODOV;574,62
50450;DIRIGIR VEÍCULO COM VALIDADE DE CNH/PPD VENCIDA HÁ MAIS DE 30 DIAS;162 * V;GRAVISSIMA;CONDUTOR;ESTADUAL/RODOV;191,54
50531;DIRIGIR VEÍCULO SEM USAR LENTES CORRETORAS DE VISÃO;162 * VI;GRAVISSIMA;CONDUTOR;ESTADUAL/RODOV;191,54
50532;"DIRIGIR VEÍCULO SEM USAR APARELHO AUXILIAR DE
AUDIÇÃO";162 * VI;GRAVISSIMA;CONDUTOR;ESTADUAL/RODOV;191,54
50533;"DIRIGIR VEÍCULO SEM USAR APARELHO AUXILIAR DE
PRÓTESE FÍSICA";162 * VI;GRAVISSIMA;CONDUTOR;ESTADUAL/RODOV;191,54
50534;"DIRIGIR VEÍCULO S/ ADAPTAÇÕES IMPOSTAS NA
CONCESSÃO/RENOVAÇÃO LICENÇA CONDUZIR";162 * VI;GRAVISSIMA;CONDUTOR;ESTADUAL/RODOV;191,54
69800;RETIRAR DO LOCAL VEÍCULO LEGALMENTE RETIDO PARA REGULARIZAÇÃO, SEM PERMISSÃO ;239;GRAVISSIMA;CONDUTOR;ESTADUAL/RODOV;191,54
71532;OBSTACULIZAR A VIA INDEVIDAMENTE-S/AGRAVAMENTO;246;GRAVISSIMA;PF OU PJ;MUNICIPAL/RODOV;191,54
71612;OBSTACULIZAR A VIA INDEVIDAMENTE-AGRAVAMENTO 2X;246;GRAVISSIMA;PF OU PJ;MUNICIPAL/RODOV;574,62
71702;OBSTACULIZAR A VIA INDEVIDAMENTE-AGRAVAMENTO 3X;246;GRAVISSIMA;PF OU PJ;MUNICIPAL/RODOV;574,62
71882;OBSTACULIZAR A VIA INDEVIDAMENTE-AGRAVAMENTO 4X;246;GRAVISSIMA;PF OU PJ;MUNICIPAL/RODOV;766,16
71962;OBSTACULIZAR A VIA INDEVIDAMENTE-AGRAVAMENTO 5X;246;GRAVISSIMA;PF OU PJ;MUNICIPAL/RODOV;957,7
73740;BLOQUEAR A VIA COM VEÍCULO;253;GRAVISSIMA;CONDUTOR;MUNICIPAL/RODOV;191,54
60760;TRANSPOR BLOQUEIO VIÁRIO POLICIAL;210;GRAVISSIMA;CONDUTOR;EST/MUNIC/RODOV;191,54
50290;DIRIGIR VEICULO C/ CNH OU PERMISSAO P/ DIRIGIR CASSADA;ART 162, II;GRAVISSIMA;CONDUTOR;ESTADUAL;625,0651106
50370;DIRIGIR VEIC C/ CNH OU PERMISSAO P/DIRIGIR CATEG DIFERENTE;ART 162, III;GRAVISSIMA;CONDUTOR;ESTADUAL;375,0390663
50530;DIRIGIR S/ USAR LENTES, APAR, ETC IMPOSTAS PELA LICENCA;ART 162, VI;GRAVISSIMA;CONDUTOR;ESTADUAL;125,0130221
50700;ENTREGAR DIREC VEIC PESSOA C/ CNH/PERMISSAO CASSADA;ART 163;GRAVISSIMA;PROPRIETARIO;ESTADUAL;625,0651106
50880;ENTREGAR DIREC VEIC PESSOA CNH/PERMISSAO CAT DIFERENTE;ART 163;GRAVISSIMA;PROPRIETARIO;ESTADUAL;375,0390663
51000;ENTREGAR DIREC VEIC PESSOA S/ LENTES,ETC IMPOSTAS LICENCA;ART 163;GRAVISSIMA;PROPRIETARIO;ESTADUAL;125,0130221
51260;PERMITIR TOME POSSE VEIC PESSOA C/ CNH/PERMISSAO CASSADA;ART 164;GRAVISSIMA;PROPRIETARIO;ESTADUAL;625,0651106
51340;PERMITIR TOME POSSE VEIC PESSOA CNH/PERMISSAO CAT DIFERENT;ART 164;GRAVISSIMA;PROPRIETARIO;ESTADUAL;375,0390663
51500;PERMITIR TOME POSSE VEIC PESSOA S/ LENTES,ETC IMPOSTAS LIC;ART 164;GRAVISSIMA;PROPRIETARIO;ESTADUAL;125,0130221
51690;DIRIGIR SOB INFLUENCIA ALCOOL NIVEL SUP. OU ENTORPECENTE;ART 165;GRAVISSIMA;CONDUTOR;ESTADUAL;625,0651106
51850;DEIXAR O CONDUTOR/PASSAGEIRO DE USAR O CINTO DE SEGURANCA;ART 167;GRAVE;CONDUTOR;MUNICIPAL/ESTADUAL;83,33983917
52150;DIRIGIR AMEACANDO PEDESTRES ESTEJAM NA VIA PUBLICA;ART 170;GRAVISSIMA;CONDUTOR;MUNICIPAL/ESTADUAL;125,0130221
52230;USAR VEIC PARA ARREMESSAR SOBRE PEDESTRES AGUA, ETC;ART 171;MEDIA;CONDUTOR;MUNICIPAL;55,56206835
52310;ATIRAR OU ABANDONAR NA VIA OBJETOS OU SUBSTANCIAS;ART 172;MEDIA;CONDUTOR;MUNICIPAL;55,56206835
52580;PROMOVER NA VIA COMPETICAO, EVENTOS, ETC S/ PERMISSAO;ART 174;GRAVISSIMA;PESSOA FISICA;MUNICIPAL;625,0651106
52660;PARTICIPAR NA VIA COMO CONDUTOR DE COMPETICAO, EVENTOS;ART 174;GRAVISSIMA;CONDUTOR;MUNICIPAL;125,0130221
52740;UTILIZAR-SE DE VEIC P/ DEMONSTRAR MANOBRA PERIGOSA;ART 175FONT>;GRAVISSIMA;CONDUTOR;ESTADUAL;125,0130221
52820;EM ACIDENTE, NAO PRESTAR SOCORRO A VITIMA;ART 176, I;GRAVISSIMA;CONDUTOR;ESTADUAL;957,7
52900;EM ACIDENTE, NAO ADOTAR PROVIDENCIAS P/ EVITAR PERIGO;ART 176, II;GRAVISSIMA;CONDUTOR;ESTADUAL;957,7
53040;EM ACIDENTE, NAO PRESERVAR O LOCAL P/ FACILITAR TRABALHO;ART 176, III;GRAVISSIMA;CONDUTOR;ESTADUAL;957,7
53120;EM ACIDENTE, NAO ADOTAR PROVIDENCIAS P/ REMOVER VEIC;ART 176, IV;GRAVISSIMA;CONDUTOR;ESTADUAL;957,7
53200;EM ACIDENTE, NAO IDENTIFICAR-SE AO POLICIAL;ART 176, V;GRAVISSIMA;CONDUTOR;ESTADUAL;957,7
54280;ESTACIONAR NA PISTA DE ROLAMENTO DAS VIAS COM ACOSTAMENTO;ART 181, V;GRAVISSIMA;CONDUTOR;MUNICIPAL;191,54
54361;ESTACIONAR JUNTO/SOBRE HIDRANTE;ART 181, VI;MEDIA;CONDUTOR;MUNICIPAL;85,13
54362;ESTACIONAR JUNTO/SOBRE REGISTRO DE AGUA;ART 181, VI;MEDIA;CONDUTOR;MUNICIPAL;85,13
54363;ESTACIONAR JUNTO/SOBRE TAMPA DE PV DE GALERIA SUBTERRANEA;ART 181, VI;MEDIA;CONDUTOR;MUNICIPAL;85,13
54520;ESTACIONAR VEIC NO PASSEIO, FAIXA DE PEDESTRES, ETC;ART 181, VIII;GRAVE;CONDUTOR;MUNICIPAL;127,69
55170;ESTACIONAR O VEICULO NOS VIADUTOS, PONTES E TUNEIS;ART 181, XIV;GRAVE;CONDUTOR;MUNICIPAL;127,69
55410;ESTACIONAR EM DESACORDO COM A REGULAMENTACAO;ART 181, XVII;LEVE;CONDUTOR;MUNICIPAL;53,2
55920;PARAR AFASTADO DA GUIA A MAIS DE 1M;ART 182, III;MEDIA;CONDUTOR;MUNICIPAL;85,13
56140;PARAR NA PISTA DE ROLAMENTO DAS VIAS COM ACOSTAMENTO;ART 182, V;GRAVE;CONDUTOR;MUNICIPAL;127,69
56220;PARAR VEIC NO PASSEIO OU FAIXA DE PEDESTRES, ETC;ART 182, VI;LEVE;CONDUTOR;MUNICIPAL;53,2
56300;PARAR NA AREA CRUZAMENTO PREJUD CIRC VEICULOS/PEDESTRES;ART 182, VII;MEDIA;CONDUTOR;MUNICIPAL;85,13
56490;PARAR VEIC NOS VIADUTOS, PONTES E TUNEIS;ART 182, VIII;MEDIA;CONDUTOR;MUNICIPAL;85,13
56491;PARAR VEICULO EM VIADUTOS;ART 182, VIII;MEDIA;CONDUTOR;MUNICIPAL;85,13
56492;PARAR VEICULO EM PONTES;ART 182, VIII;MEDIA;CONDUTOR;MUNICIPAL;85,13
56493;PARAR VEICULO EM TUNEIS;ART 182, VIII;MEDIA;CONDUTOR;MUNICIPAL;85,13
56570;PARAR VEICULO NA CONTRAMAO DE DIRECAO;ART 182, IX;MEDIA;CONDUTOR;MUNICIPAL;85,13
56650;PARAR EM LOCAL/HORA PROIBIDO PELA SINALIZACAO;ART 182, X;MEDIA;CONDUTOR;MUNICIPAL;85,13
56730;PARAR SOBRE FAIXA DE PEDESTRE NA MUDANCA DE SEMAFORO(ELET);ART 183;MEDIA;CONDUTOR;MUNICIPAL;85,13
56731;PARAR VEIC SOBRE FX DE PEDESTRE MUDANCA DE SEMAFORO;ART 183;MEDIA;CONDUTOR;MUNICIPAL;85,13
57030;QDO VEIC EM MOV DEIXAR DE CONSERVA-LO FAIXA DESTINADA;ART 185, I;MEDIA;CONDUTOR;MUNICIPAL;85,13
57110;QDO VEIC LENTO DEIXAR DE CONSERVA-LO NAS FAIXAS DA DIREITA;ART 185, II;MEDIA;CONDUTOR;MUNICIPAL;85,13
57460;TRANSITAR LOCAL/HORARIO NAO PERMITIDO;ART 187, I;MEDIA;CONDUTOR;MUNICIPAL;85,13
57540;TRANSITAR LOCAL/HORARIO NAO PERMITIDO PARA CAMINHOES,ONIB;ART 187, II;GRAVE;CONDUTOR;MUNICIPAL;127,69
57620;TRANSITAR AO LADO DE OUTRO VEIC INTERROMPENDO O TRANSITO;ART 188;MEDIA;CONDUTOR;MUNICIPAL;85,13
57700;DEIXAR DE DAR PASSAGEM VEIC SOCORRO, DE INCENDIO E SALVAM;ART 189;GRAVISSIMA;CONDUTOR;MUNICIPAL/ESTADUAL;191,54
57970;FORCAR PASSAGEM ENTRE VEICULOS TRANS SENTIDO OPOSTO;ART 191;GRAVISSIMA;CONDUTOR;MUNICIPAL;191,54
58190;TRANSITAR C/ O VEIC EM CALCADAS, PASSEIOS, PASSARELAS;ART 193;GRAVISSIMA;CONDUTOR;MUNICIPAL;574,62
58430;DEIXAR DE INDICAR MEDIANTE GESTO REALIZACAO DE MANOBRA;ART 196;GRAVE;CONDUTOR;MUNICIPAL/ESTADUAL;127,69
58431;NAO FAZER SINAL BRACO/LUMINOSO ANTES DE INICIAR MARCHA;ART 196;GRAVE;CONDUTOR;MUNICIPAL/ESTADUAL;127,69
58432;NAO FAZER SINAL BRACO/LUMINOSO ANTES DE PARAR VEICULO;ART 196;GRAVE;CONDUTOR;MUNICIPAL/ESTADUAL;127,69
58433;NAO FAZER SINAL BRACO/LUMINOSO ANTES DE MUDAR DE DIRECAO;ART 196;GRAVE;CONDUTOR;MUNICIPAL/ESTADUAL;127,69
58434;NAO FAZER SINAL BRACO/LUMINOSO ANTES DE MUDAR DE FAIXA;ART 196;GRAVE;CONDUTOR;MUNICIPAL/ESTADUAL;127,69
58510;DEIXAR DE DESLOCAR VEIC P/ MAIS ESQ OU DIR QDO MANOBRA;ART 197;MEDIA;CONDUTOR;MUNICIPAL;85,13
58511;NAO DESLOCAR VEIC C/ ANTECEDENCIA P/ MANOBRAR A ESQUERDA;ART 197;MEDIA;CONDUTOR;MUNICIPAL;85,13
58512;NAO DESLOCAR VEIC C/ ANTECEDENCIA P/ MANOBRAR A DIREITA;ART 197;MEDIA;CONDUTOR;MUNICIPAL;85,13
58600;NAO DAR PASSAGEM PELA ESQUERDA QUANDO SOLICITADO;ART 198;MEDIA;CONDUTOR;MUNICIPAL;85,13
58780;ULTRAPASSAR PELA DIREITA;ART 199;MEDIA;CONDUTOR;MUNICIPAL;85,13
58940;NAO GUARDAR DISTANCIA LATERAL AO ULTRAPASSAR BICICLETA;ART 201;MEDIA;CONDUTOR;MUNICIPAL;85,13
59160;ULTRAPASSAR VEICULO EM INTERSECOES E PASSAGENS DE NIVEL;ART 202, II;GRAVE;CONDUTOR;MUNICIPAL;127,69
59240;ULTRAPASSAR PELA CONTRAMAO VEIC NAS CURVAS S/ VISIBILIDADE;ART 203, I;GRAVISSIMA;CONDUTOR;MUNICIPAL;191,54
59400;ULTRAPASSAR PELA CONTRAMAO VEIC NAS PONTES, VIADUTOS, ETC;ART 203, III;GRAVISSIMA;CONDUTOR;MUNICIPAL;191,54
59590;ULTRAP PELA CONTRAMAO VEIC PARADO EM FILA, JUNTO A SINALIZ;ART 203, IV;GRAVISSIMA;CONDUTOR;MUNICIPAL;191,54
59595;ULTRAPASSAR P/CONTRAMAO VEICULO PARADO IMPEDINDO LIVRE CIR;ART 203, IV;GRAVISSIMA;CONDUTOR;MUNICIPAL;191,54
59750;NAO PARAR NO ACOSTAMENTO A DIR P/CRUZAR A PISTA A ESQUERDA;ART 204;GRAVE;CONDUTOR;MUNICIPAL;127,69
60090;EXECUTAR OPERACAO DE RETORNO NAS CURVAS, ACLIVES, ETC;ART 206, II;GRAVISSIMA;CONDUTOR;MUNICIPAL;191,54
60170;RETORNAR SOBRE CALCADA/CANTEIRO/JARDIM/FAIXA PEDESTRE;ART 206, III;GRAVISSIMA;CONDUTOR;MUNICIPAL;191,54
60331;EXECUTAR RETORNO COM PREJUIZO DA LIVRE CIRCULACAO;ART 206, V;GRAVISSIMA;CONDUTOR;MUNICIPAL;191,54
60332;EXECUTAR RETORNO COM PREJUIZO DA SEGURANCA;ART 206, V;GRAVISSIMA;CONDUTOR;MUNICIPAL;191,54
60410;EXECUTAR OPER DE CONVERSAO A DIR OU A ESQ LOCAIS PROIBIDOS;ART 207;GRAVE;CONDUTOR;MUNICIPAL;127,69
60411;EXECUTAR CONVERSAO A DIREITA EM LOCAL PROIBIDO;ART 207;GRAVE;CONDUTOR;MUNICIPAL;127,69
60412;EXECUTAR CONVERSAO A ESQUERDA EM LOCAL PROIBIDO;ART 207;GRAVE;CONDUTOR;MUNICIPAL;127,69
60681;TRANSPOR BLOQUEIO VIARIO COM OU SEM SINALIZACAO OU DISPOSITIVOS AUXILIARES;ART 209;GRAVE;CONDUTOR;MUNICIPAL/ESTADUAL;127,69
60682;DEIXAR DE ADENTRAR AS AREAS DESTINADAS A PESAGEM DE VEICULOS;ART 209;GRAVE;CONDUTOR;MUNICIPAL/ESTADUAL;127,69
60841;ULTRAPASSAR VEICULOS MOTORIZADOS EM FILA, PARADOS EM RAZAO DE SINAL LUMINOSO;ART 211;GRAVE;CONDUTOR;MUNICIPAL/ESTADUAL;127,69
60842;ULTRAPASSAR VEICULOS MOTORIZADOS EM FILA, PARADOS EM RAZAO DE CANCELA;ART 211;GRAVE;CONDUTOR;MUNICIPAL/ESTADUAL;127,69
60843;ULTRAPASSAR VEICULOS MOTORIZADOS EM FILA, PARADOS EM RAZAO DE BLOQUEIO VIARIO PARCIAL;ART 211;GRAVE;CONDUTOR;MUNICIPAL/ESTADUAL;127,69
60844;ULTRAPASSAR VEICULOS MOTORIZADOS EM FILA, PARADOS EM RAZAO DE QUALQUER BLOQUEIO;ART 211;GRAVE;CONDUTOR;MUNICIPAL/ESTADUAL;127,69
61140;NAO PARAR QUANDO INTERCEPTADO POR AGRUPAMENTOS DE VEICULOS;ART 213, II;GRAVE;CONDUTOR;MUNICIPAL;127,69
61221;NAO DAR PREFERENCIA A PEDESTRES NA FAIXA DESTINADA;ART 214, I;GRAVISSIMA;CONDUTOR;MUNICIPAL;191,54
61222;NAO DAR PREF A VEIC NAO MOTORIZADO NA FAIXA DESTINADA;ART 214, I;GRAVISSIMA;CONDUTOR;MUNICIPAL;191,54
61301;NAO DAR PREFERENCIA A PEDESTRE QUE NAO CONCLUI TRAVESSIA;ART 214, II;GRAVISSIMA;CONDUTOR;MUNICIPAL;191,54
61302;NAO DAR PREFERENCIA A VEIC NAO MOTORIZADO NAO CONCLUIU TRA;ART 214, II;GRAVISSIMA;CONDUTOR;MUNICIPAL;191,54
61491;NAO DAR PREFERENCIA A DEFICIENTE/CRIANCA/IDOSO/GESTANTE;ART 214, III;GRAVISSIMA;CONDUTOR;MUNICIPAL;191,54
61492;NAO DAR PREFERENCIA A VEIC NAO MOTOR C/DEF/CRIAN/IDOS/GEST;ART 214, III;GRAVISSIMA;CONDUTOR;MUNICIPAL;191,54
61570;DEIXAR DE DAR PREFERENCIA A PEDESTRE INICIOU TRAVESSIA;ART 214, IV;GRAVE;CONDUTOR;MUNICIPAL;127,69
61571;NAO DAR PREFERENCIA A PEDESTRE QDO INICIADA TRAVESSIA;ART 214, IV;GRAVE;CONDUTOR;MUNICIPAL;127,69
61572;NAO DAR PREF A VEIC NAO MOTOR QDO INICIADA TRAVESSIA;ART 214, IV;GRAVE;CONDUTOR;MUNICIPAL;127,69
61650;DEIXAR DE DAR PREFERENCIA A PEDESTRE ATRAVESSANDO A VIA;ART 214, V;GRAVE;CONDUTOR;MUNICIPAL;127,69
61651;NAO DAR PREFERENCIA A PEDESTRE ATRAVESSANDO A TRANSVERSAL;ART 214, V;GRAVE;CONDUTOR;MUNICIPAL;127,69
61652;NAO DAR PREF A VEIC NAO MOTOR ATRAVESSANDO A TRANSVERSAL;ART 214, V;GRAVE;CONDUTOR;MUNICIPAL;127,69
61730;DEIXAR DE DAR PREF EM INTERSECAO NAO SINALIZ.A VEIC CIRCUL;ART 215, I;GRAVE;CONDUTOR;MUNICIPAL;127,69
61731;NAO DAR PREFERENCIA A VEIC CIRC POR RODOVIA/ROTATORIA;ART 215, I;GRAVE;CONDUTOR;MUNICIPAL;127,69
61732;NAO DAR PREFERENCIA A VEIC VINDO DA DIREITA;ART 215, I;GRAVE;CONDUTOR;MUNICIPAL;127,69
61810;NAO DAR PREF SINALIZADA DE PREFERENCIA;ART 215, II;GRAVE;CONDUTOR;MUNICIPAL;127,69
61900;ENTRAR SAIR DE AREAS LINDEIRAS S/PREOCUPACAO C/A SEGURANCA;ART 216;MEDIA;CONDUTOR;MUNICIPAL;85,13
62030;ENTRAR/SAIR FILA ESTAC S/DAR PREF PASSAGEM;ART 217;MEDIA;CONDUTOR;MUNICIPAL;85,13
62110;TRANS VELOC SUP MAX PERM P/ROD TRAN RAP/ARTERIAL ATE 20%;ART 218, I A;GRAVE;CONDUTOR;MUNICIPAL;127,69
62200;TRANS VELOC SUP MAX PERM P/ROD TRAN RAP/ARTERIAL MAIS 20%;ART 218, I B;GRAVISSIMA;CONDUTOR;MUNICIPAL;574,62
62380;TRANS VELOC SUP MAX PERM P/VIA EM ATE 50%;ART 218, II A;GRAVE;CONDUTOR;MUNICIPAL;127,69
62460;TRANS VELOC SUP MAX PERM P/VIA EM MAIS DE 50%;ART 218, II B;GRAVISSIMA;CONDUTOR;MUNICIPAL;574,62
62540;TRANSITAR COM VELOC INFERIOR A METADE DA MAX P/A VIA;ART 219;MEDIA;CONDUTOR;MUNICIPAL;85,13
62700;VELOCIDADE INCOMPATIVEL EM LOCAL CONTROLADO POR AGENTE;ART 220, II;GRAVE;CONDUTOR;MUNICIPAL;127,69
62890;VELOCIDADE INCOMPATIVEL PROX DA GUIA OU ACOSTAMENTO;ART 220, III;GRAVE;CONDUTOR;MUNICIPAL;127,69
62970;VELOCIDADE INCOMPATIVEL EM INTERSECAO NAO SINALIZADA;ART 220, IV;GRAVE;CONDUTOR;MUNICIPAL;127,69
63000;VELOCIDADE INCOMPATIVEL NAS VIAS RURAIS;ART 220, V;GRAVE;CONDUTOR;MUNICIPAL;127,69
63190;VELOCIDADE INCOMPATIVEL EM CURVAS DE PEQUENO RAIO;ART 220, VI;GRAVE;CONDUTOR;MUNICIPAL;127,69
63270;VELOCIDADE INCOMPATIVEL PROX OBRA/TRABALHADOR NA PISTA;ART 220, VII;GRAVE;CONDUTOR;MUNICIPAL;127,69
63350;VELOCIDADE INCOMPATIVEL SOB CHUVA/NEBLINA/VENTO FORTE;ART 220, VIII;GRAVE;CONDUTOR;MUNICIPAL;127,69
63430;VELOCIDADE INCOMPATIVEL QUANDO HOUVER MA VISIBILIDADE;ART 220, IX;GRAVE;CONDUTOR;MUNICIPAL;127,69
63510;VELOCIDADE INCOMPATIVEL QDO PAV ESCORREGADIO/DEFEITUOSO;ART 220, X;GRAVE;CONDUTOR;MUNICIPAL;127,69
63600;VELOCIDADE INCOMPATIVEL A APROXIMACAO DE ANIMAIS NA PISTA;ART 220, XI;GRAVE;CONDUTOR;MUNICIPAL;127,69
63780;VELOCIDADE INCOMPATIVEL EM DECLIVE;ART 220, XII;GRAVE;CONDUTOR;MUNICIPAL;127,69
63860;VELOCIDADE INCOMPATIVEL AO ULTRAPASSAR CICLISTA;ART 220, XIII;GRAVE;CONDUTOR;MUNICIPAL;127,69
63940;DEIXAR DE REDUZIR VELOC PROXIMO A ESCOLAS, ETC;ART 220, XIV;GRAVISSIMA;CONDUTOR;MUNICIPAL;191,54
64080;PORTAR NO VEIC PLACAS EM DESACORDO C/ MODELOS CONTRAN;ART 221;MEDIA;PROPRIETARIO;ESTADUAL;85,13
64160;CONFECCIONAR,DISTRIBUIR PLACAS EM DESACORDO C/CONTRAN;ART 221 P. UN;MEDIA;PESSOA JURIDICA;ESTADUAL;85,13
64320;TRANSITAR COM LUZ ALTA PERTURBANDO VISAO DE CONDUTOR;ART 223;GRAVE;CONDUTOR;ESTADUAL;127,69
64590;NAO SINALIZAR VIA VEIC P/REMOCAO OU PERM NO ACOSTAMENTO;ART 225, I;GRAVE;CONDUTOR;MUNICIPAL;127,69
64750;NAO RETIRAR OBJETO PARA SINALIZACAO TEMPORARIA DA VIA;ART 226;MEDIA;CONDUTOR;MUNICIPAL;85,13
65560;CONDUZIR O VEIC C/ O LACRE, ETC OU OUTRO ELEM VIOLADO;ART 230, I;GRAVISSIMA;PROPRIETARIO;ESTADUAL;191,54
65990;CONDUZIR O VEIC NAO REGISTRADO E DEVIDAM LICENCIADO;ART 230, V;GRAVISSIMA;PROPRIETARIO;ESTADUAL;191,54
66100;CONDUZIR O VEIC COM A COR OU CARACTERISTICA ALTERADA;ART 230, VII;GRAVE;PROPRIETARIO;ESTADUAL;127,69
66370;CONDUZIR O VEIC S/ EQUIPAMENTO OBRIGATORIO OU INEFICIENTE;ART 230, IX;GRAVE;PROPRIETARIO;ESTADUAL;127,69
66530;CONDUZIR VEIC C/ DESCARGA LIVRE OU SILENCIADOR C/ DEFEITO;ART 230, XI;GRAVE;PROPRIETARIO;ESTADUAL;127,69
66960;CONDUZIR O VEIC C/ INSCRICOES, ETC AFIXADOS NO PARA-BRISA;ART 230, XV;GRAVE;PROPRIETARIO;ESTADUAL;127,69
67260;CONDUZIR O VEIC EM MAU ESTADO DE CONSERVACAO;ART 230, XVIII;GRAVE;PROPRIETARIO;ESTADUAL;127,69
67420;CONDUZIR O VEICS/ AUTORIZ P/ CONDUCAO DE ESCOLARES;ART 230, XX;GRAVE;PROPRIETARIO;ESTADUAL;127,69
67850;TRANS DERRAMANDO/LANCANDO/ARRASTANDO CARGA TRANSPORTADA;ART 231, II A;GRAVISSIMA;CONDUTOR;MUNICIPAL;191,54
68150;TRANSITAR PROD FUMACA ACIMA PERMITIDO PELO CONTRAN;ART 231, III;GRAVE;PROPRIETARIO;MUNICIPAL;127,69
68230;TRANSITAR C/ VEIC C/ DIMENSOES OU CARGA SUP A LEGISLACAO;ART 231, IV;GRAVE;CONDUTOR;MUNICIPAL;127,69
68231;TRANS C/VEICULO C/ALTURA ACIMA DA PERMITIDA;ART 231, IV;GRAVE;CONDUTOR;MUNICIPAL;127,69
68232;TRANS C/VEICULO C/LARGURA SUPERIOR A PERMITIDA;ART 231, IV;GRAVE;CONDUTOR;MUNICIPAL;127,69
68233;TRANS C/VEICULO DE COMPRIMENTO ACIMA DO PERMITIDO;ART 231, IV;GRAVE;CONDUTOR;MUNICIPAL;127,69
68310;TRANSITAR C/ O VEIC C/ EXCESSO DE PESO;ART 231, V;MEDIA;PESSOA JURIDICA;MUNICIPAL;85,13
68314;TRANS COM O VEICULO COM EXCESSO DE PESO DE 1001 A 3000KG;ART 231, V;MEDIA;PESSOA JURIDICA;MUNICIPAL;85,13
68315;TRANS COM O VEICULO COM EXCESSO DE PESO DE 3001 A 5000KG;ART 231, V;MEDIA;PESSOA JURIDICA;MUNICIPAL;85,13
68316;TRANS COM O VEICULO COM EXCESSO DE PESO ACIMA DE 5000KG;ART 231, V;MEDIA;PESSOA JURIDICA;MUNICIPAL;85,13
68400;TRANSITAR EM DESACORDO C/ AUTORIZACAO ESPECIAL SUPERDIMENS;ART 231, VI;GRAVE;CONDUTOR;MUNICIPAL;127,69
68660;EFETUAR TRANSP REMUNERADO DE PESSOAS/BENS S/LICENCA;ART 231, VIII;MEDIA;CONDUTOR;MUNICIPAL;85,13
68740;TRANS C/ VEIC DESLIGADO OU DESENGRENADO EM DECLIVE;ART 231, IX;MEDIA;CONDUTOR;MUNICIPAL;85,13
68900;TRANS C/VEIC ACIMA DA CAPACIDADE MAX DE TRACAO-GRAVE;ART 231, X;GRAVE;CONDUTOR;MUNICIPAL;127,69
69200;DEIXAR DE EFETUAR REGISTRO DE VEIC NO PRAZO DE 30 DIAS;ART 233;GRAVE;PROPRIETARIO;ESTADUAL;127,69
69390;FALSIFICAR OU ADULTERAR DOC. DE HABILITACAO OU DO VEICULO;ART 234;GRAVISSIMA;CONDUTOR;ESTADUAL;191,54
69470;CONDUZIR PESSOAS OU CARGA EM PARTES EXTERNAS DO VEIC;ART 235;GRAVE;CONDUTOR;MUNICIPAL;127,69
70050;DEIXAR DE ATUALIZAR CADASTRO DE HABILITACAO OU DO VEICULO;ART 241;LEVE;CONDUTOR;ESTADUAL;53,2
70130;FAZER FALSA DECLARACAO DOMICILIO FINS REGISTRO DA CNH;ART 242;GRAVISSIMA;CONDUTOR;ESTADUAL;191,54
70300;CONDUZIR MOTOCICLETA, ETC S/ USAR CAPACETE SEGURANCA;ART 244, I;GRAVISSIMA;CONDUTOR;MUNICIPAL/ESTADUAL;191,54
70301;COND MOTOCICLETA, MOTONETA E CICLOMOTOR SEM USAR CAPACETE;ART 244, I;GRAVISSIMA;CONDUTOR;MUNICIPAL/ESTADUAL;191,54
70302;COND MOTO/MOTONETA/CICLOMOTOR SEM VESTUARIO DE ACORDO;ART 244, I;GRAVISSIMA;CONDUTOR;MUNICIPAL/ESTADUAL;191,54
70480;CONDUZIR MOTOCICLETA, ETC TRANSPORTANDO PASSAG S/ CAPACETE;ART 244, II;GRAVISSIMA;CONDUTOR;MUNICIPAL;191,54
70481;COND MOTO/MOTONETA/CICLOMOTOR C/PASS SEM USAR CAPACETE;ART 244, II;GRAVISSIMA;CONDUTOR;MUNICIPAL;191,54
70482;COND MOTO/MOTONETA/CICLOMOTOR C/PASS FORA ASSENTO;ART 244, II;GRAVISSIMA;CONDUTOR;MUNICIPAL;191,54
70560;CONDUZIR MOTOCICLETA, ETC FAZENDO MALABARISMOS;ART 244, III;GRAVISSIMA;CONDUTOR;MUNICIPAL;191,54
70640;CONDUZIR MOTOCICLETA, ETC COM OS FAROIS APAGADOS;ART 244, IV;GRAVISSIMA;CONDUTOR;MUNICIPAL;191,54
70720;CONDUZIR MOTOCICLETA, ETC TRANSP CRIANCA MENOR 7 ANOS;ART 244, V;GRAVISSIMA;CONDUTOR;MUNICIPAL;191,54
70990;CONDUZIR MOTOCICLETA, ETC SEM SEGURAR O GUIDOM;ART 244, VII;MEDIA;CONDUTOR;MUNICIPAL;85,13
71020;CONDUZIR MOTOCICLETA, ETC TRANSP CARGA INCOMPATIVEL;ART 244, VIII;MEDIA;CONDUTOR;MUNICIPAL;85,13
71290;P/ CICLOS TRANSITAR VIAS TRANSITO RAPIDO/RODOVIAS;ART 244, P. 1 B;MEDIA;PROPRIETARIO;MUNICIPAL;85,13
71450;UTILIZAR A VIA P/DEPOSITO DE MERCADORIAS/EQUIPAMENTOS;ART 245;GRAVE;PESSOA JURIDICA;MUNICIPAL;127,69
71530;NAO SINALIZAR OBSTACULOS A LIVRE CIRCULACAO VEIC/PEDESTRE;ART 246;GRAVISSIMA;PESSOA JURIDICA;MUNICIPAL;191,54
71610;NAO SINALIZAR OBSTACULOS LIVRE CIRC VEIC/PEDESTRE 2X;ART 246;GRAVISSIMA;PESSOA FISICA;MUNICIPAL;383,07
71700;NAO SINALIZAR OBSTACULOS LIVRE CIRC VEIC/PEDESTRE 3X;ART 246;GRAVISSIMA;PESSOA FISICA;MUNICIPAL;574,62
71880;NAO SINALIZAR OBSTACULOS LIVRE CIRC VEIC/PEDESTRE 4X;ART 246;GRAVISSIMA;PESSOA FISICA;MUNICIPAL;766,15
71960;NAO SINALIZAR OBSTACULOS LIVRE CIRC VEIC/PEDESTRE 5X;ART 246;GRAVISSIMA;PESSOA FISICA;MUNICIPAL;957,7
72000;NAO COND P/BORDO DA PISTA VEIC PROP HUMANA/TRACAO ANIMAL;ART 247;MEDIA;PESSOA JURIDICA;MUNICIPAL;85,13
72180;TRANSPORTAR EM VEIC DE PASSAGEIROS CARGA EXCEDENTE;ART 248;GRAVE;CONDUTOR;ESTADUAL;127,69
72260;DEIXAR DE ACENDER NOITE LUZES QDO VEICPARADO P/EMBARQUE;ART 249;MEDIA;CONDUTOR;MUNICIPAL;85,13
72340;QDO VEIC EM MOVIM NAO ACENDER LUZ BAIXA A NOITE;ART 250, I A;MEDIA;CONDUTOR;MUNICIPAL;85,13
72420;QDO VEIC EM MOVIM NAO ACENDER LUZ BAIXA DE DIA TUNEIS;ART 250, I B;MEDIA;CONDUTOR;MUNICIPAL;85,13
72500;QDO VEIC TRANSP COLETIVO EM MOVIM NAO ACENDER LUZ BAIXA;ART 250, I C;MEDIA;CONDUTOR;MUNICIPAL;85,13
72690;QDO VEIC CICLOMOTORES EM MOVIM NAO ACENDER LUZ BAIXA;ART 250, I D;MEDIA;CONDUTOR;MUNICIPAL;85,13
72770;QDO VEIC EM MOVIMENTO, NAO ACENDER LUZES SOB CHUVA, ETC;ART 250, II;MEDIA;CONDUTOR;MUNICIPAL;85,13
72850;DEIXAR DE MANTER ACESA A PLACA TRASEIRA ILUMINADA A NOITE;ART 250, III;MEDIA;CONDUTOR;ESTADUAL;85,13
72930;UTILIZAR PISCA-ALERTA, EXCETO IMOBILIZACAO OU EMERGENCIA;ART 251, I;MEDIA;CONDUTOR;MUNICIPAL;85,13
73070;UTILIZAR LUZES DO VEIC INTERMITENTE EXCETO P/ ULTRAPASSAR;ART 251, II A;MEDIA;CONDUTOR;MUNICIPAL;85,13
73230;DIRIGIR VEIC TRANSPORTANDO PESSOAS, ANIMAIS A SUA ESQ;ART 252, II;MEDIA;CONDUTOR;ESTADUAL;85,13
73310;DIRIGIR VEIC C/ INCAPACIDADE FISICA OU MENTAL TEMPORARIA;ART 252, III;MEDIA;CONDUTOR;ESTADUAL;85,13
73400;DIRIGIR VEIC. USANDO CALCADO QUE COMPROMETA UTILIZ PEDAIS;ART 252, IV;MEDIA;CONDUTOR;ESTADUAL;85,13
73580;DIRIGIR O VEICULO COM APENAS UMA DAS MAOS;ART 252, V;MEDIA;CONDUTOR;ESTADUAL;85,13
73660;DIRIGIR O VEICULO UTILIZANDO-SE DE FONES, TELEFONE CELULAR;ART 252, VI;MEDIA;CONDUTOR;MUNICIPAL/ESTADUAL;85,13
73661;DIRIGIR VEICULO UTILIZANDO-SE DE FONES NOS OUVIDOS;ART 252, VI;MEDIA;CONDUTOR;MUNICIPAL/ESTADUAL;85,13
73900;PROIBIDO AO PEDESTRE CRUZAR PISTA EM VIADUTO/PONTE/TUNEL;ART 254, II;LEVE;PESSOA FISICA;MUNICIPAL;26,6
74200;PROIBIDO PEDESTRE ANDAR FORA FAIXA PROPRIA;ART 254, V;LEVE;PESSOA FISICA;MUNICIPAL;26,6
74470;CONDUZIR BICICLETA EM LOCAL PROIBIDO OU FORMA AGRESSIVA;ART 255;MEDIA;PESSOA FISICA;MUNICIPAL;85,13
90160;TRANSP.PP CUJO DESLOC.SEJA PROIBIDO PELO MIN.TRANSPORTES;DEC 96044/88,45,I,A;GRAVISSIMA;PESSOA JURIDICA;ESTADUAL;656,54
90240;TRANSP. PP A GRANEL QUE NAO CONSTE NO CIPP;DEC 96044/88,45,I,B;GRAVISSIMA;PESSOA JURIDICA;ESTADUAL;656,54
90320;TRANSP. PP A GRANEL EM VEICULO COM CIPP VENCIDO;DEC 96044/88,45,I,C;GRAVISSIMA;PESSOA JURIDICA;ESTADUAL;656,54
90400;TRANSP PESSOAS,ANIMAIS,ALIM,MEDIC,JUNTAMENTE C/PROD.PERIG.;DEC 96044/88,45,I,D;GRAVISSIMA;PESSOA JURIDICA;ESTADUAL;656,54
90401;TRANSPORTAR PESSOAS COM PRODUTOS PERIGOSOS;DEC 96044/88,45,I,D;GRAVISSIMA;PESSOA JURIDICA;ESTADUAL;656,54
90402;TRANSPORTAR ANIMAIS COM PRODUTOS PERIGOSOS;DEC 96044/88,45,I,D;GRAVISSIMA;PESSOA JURIDICA;ESTADUAL;656,54
90403;TRANSP.ALIMENTOS DESTINADO AO CONS.HUMANO/ANIMAL JUNT.C/PP;DEC 96044/88,45,I,D;GRAVISSIMA;PESSOA JURIDICA;ESTADUAL;656,54
90404;TRANSP.MEDICAMENTOS DEST AO CONS.HUMANO/ANIMAL JUNT.C/PP;DEC 96044/88,45,I,D;GRAVISSIMA;PESSOA JURIDICA;ESTADUAL;656,54
90590;TRANSP PROD INCOMPATIVEIS ENTRE SI;DEC 96044/88,45,I,E;GRAVISSIMA;PESSOA JURIDICA;ESTADUAL;656,54
90670;NAO DAR MANUTENCAO AO VEICULO E AO EQUIPAMENTO;DEC 96044/88,45,II,A;GRAVISSIMA;PESSOA JURIDICA;ESTADUAL;328,27
90671;NAO DAR MANUTENCAO AO VEICULO;DEC 96044/88,45,II,A;GRAVISSIMA;PESSOA JURIDICA;ESTADUAL;328,27
90672;NAO DAR MANUTENCAO AO EQUIPAMENTO;DEC 96044/88,45,II,A;GRAVISSIMA;PESSOA JURIDICA;ESTADUAL;328,27
90750;ESTAC. OU PARAR EM DESACORDO COM O ARTIGO 14 DO RTPP;DEC 96044/88,45,II,B;GRAVISSIMA;PESSOA JURIDICA;ESTADUAL;328,27
90751;ESTAC. EM DESACORDO COM O ARTIGO 14 DO RTPP;DEC 96044/88,45,II,B;GRAVISSIMA;PESSOA JURIDICA;ESTADUAL;328,27
90752;PARAR EM DESACORDO COM O ARTIGO 14 DO RTPP;DEC 96044/88,45,II,B;GRAVISSIMA;PESSOA JURIDICA;ESTADUAL;328,27
90830;TRANSP. PP CUJAS EMBALAGENS SE ENCONTREM EM MAS CONDICOES;DEC 96044/88,45,II,C;GRAVISSIMA;PESSOA JURIDICA;ESTADUAL;328,27
90910;NAO ADOTAR EM ACID/AVAR. PROV.DA F.DE EMERGENC/ENV.TRANSP.;DEC 96044/88,45,II,D;GRAVISSIMA;PESSOA JURIDICA;ESTADUAL;328,27
90911;NAO ADOTAR EM CASO DE ACID PROV DA F DE EMERG/ENV.TRANSP;DEC 96044/88,45,II,D;GRAVISSIMA;PESSOA JURIDICA;ESTADUAL;328,27
90912;NAO ADOTAR EM CASO DE AVARIA PROV DA F DE EMERG/ENV.TRANSP;DEC 96044/88,45,II,D;GRAVISSIMA;PESSOA JURIDICA;ESTADUAL;328,27
91050;TRANSP.PP A GRANEL S/UTIL.TACOGR.OU C/IRREG.OU NAO APRES.;DEC 96044/88,45,II,E;GRAVISSIMA;PESSOA JURIDICA;ESTADUAL;328,27
91051;TRANSP.PP A GRANEL S/UTIL.TACOGRAFO OU ESTE COM IRREGULAR.;DEC 96044/88,45,II,E;GRAVISSIMA;PESSOA JURIDICA;ESTADUAL;328,27
91052;TRANSP.PP A GRANEL S/APRES.O DISCO A AUTORID.OU C/IRREG.;DEC 96044/88,45,II,E;GRAVISSIMA;PESSOA JURIDICA;ESTADUAL;328,27
91130;TRANSPORTAR CARGA MAL ESTIVADA;DEC96044/88,45,III,A;GRAVISSIMA;PESSOA JURIDICA;ESTADUAL;131,3
91210;TRANSP.PP EM VEIC.SEM EQUIP.P/EMERG./EPI OU INCOMP.;DEC96044/88,45,III,B;GRAVISSIMA;PESSOA JURIDICA;ESTADUAL;131,3
91211;TRANSP. PP EM VEIC.SEM EQUIP.P/EMERG. OU INCOMP.;DEC96044/88,45,III,B;GRAVISSIMA;PESSOA JURIDICA;ESTADUAL;131,3
91212;TRANSP. PP EM VEIC.SEM EPI, OU INCOMP.;DEC96044/88,45,III,B;GRAVISSIMA;PESSOA JURIDICA;ESTADUAL;131,3
91300;TRANSP. PP A GRANEL SEM O CIPP;DEC96044/88,45,III,C;GRAVISSIMA;PESSOA JURIDICA;ESTADUAL;131,3
91480;TRANSP. PP SEM A DECLARACAO DE RESPONS.DO EXPEDIDOR NA NF;DEC96044/88,45,III,D;GRAVISSIMA;PESSOA JURIDICA;ESTADUAL;131,3
91560;TRANSP. PP SEM A FICHA DE EMERG.E O ENVELOPE PARA O TRANSP;DEC96044/88,45,III,E;GRAVISSIMA;PESSOA JURIDICA;ESTADUAL;131,3
91561;TRANSP.PP S/A FICHA DE EMERG.OU EM DESACORDO C/O DEC96044;DEC96044/88,45,III,E;GRAVISSIMA;PESSOA JURIDICA;ESTADUAL;131,3
91562;TRANSP.PP S/O ENV.P/O TRANSP. OU EM DESACORDO C/O DEC96044;DEC96044/88,45,III,E;GRAVISSIMA;PESSOA JURIDICA;ESTADUAL;131,3
91640;TRANSP PP SEM UTIL ROTULOS DE RISCO E PAINEIS DE SEGURANCA;DEC96044/88,45,III,F;GRAVISSIMA;PESSOA JURIDICA;ESTADUAL;131,3
91641;TRANSP PP SEM UTIL R.DE RISCOS E P.SEGUR.NAS EMBALAGENS;DEC96044/88,45,III,F;GRAVISSIMA;PESSOA JURIDICA;ESTADUAL;131,3
91642;TRANSP PP SEM UTIL R.DE RISCOS E P.SEGUR.NO VEICULO;DEC96044/88,45,III,F;GRAVISSIMA;PESSOA JURIDICA;ESTADUAL;131,3
91720;CIRCULAR EM VIAS PUBL QDO NAO PERMITIDO TRANSP PROD PERIG.;DEC96044/88,45,III,G;GRAVISSIMA;PESSOA JURIDICA;ESTADUAL;131,3
91800;NAO COM.IMED.A IMOBILIZ.DO VEIC.EM CASO DE EMERG/ACID/AVAR;DEC96044/88,45,III,H;GRAVISSIMA;PESSOA JURIDICA;ESTADUAL;131,3
91801;NAO COM.IMED.A IMOBILIZACAO DO VEIC.EM CASO DE EMERGENCIA;DEC96044/88,45,III,H;GRAVISSIMA;PESSOA JURIDICA;ESTADUAL;131,3
91802;NAO COM.IMED.A IMOBILIZACAO DO VEIC.EM CASO DE ACIDENTE;DEC96044/88,45,III,H;GRAVISSIMA;PESSOA JURIDICA;ESTADUAL;131,3
91803;NAO COM.IMED.A IMOBILIZACAO DO VEIC.EM CASO DE AVARIA;DEC96044/88,45,III,H;GRAVISSIMA;PESSOA JURIDICA;ESTADUAL;131,3
91990;EMBARCAR NO VEICULO PP INCOMPATIVEIS ENTRE SI;DEC 96044/88,46,I,A;GRAVISSIMA;PESSOA JURIDICA;ESTADUAL;656,54
92020;EMB.PP QUE NAO CONSTE NO CIPP DO VEIC.E/OU EQUIP.E/OU VENC;DEC 96044/88,46,I,B;GRAVISSIMA;PESSOA JURIDICA;ESTADUAL;656,54
92021;EMB.PP QUE NAO CONSTE NO CIPP DO VEIC.OU C/O MESMO VENCIDO;DEC 96044/88,46,I,B;GRAVISSIMA;PESSOA JURIDICA;ESTADUAL;656,54
92022;EMB.PP QUE NAO CONSTE NO CIPP DO EQUIP.OU C/O MESMO VENCID;DEC 96044/88,46,I,B;GRAVISSIMA;PESSOA JURIDICA;ESTADUAL;656,54
92100;EXP. NF EM DESACORDO C/ART. 22, II DO DECRETO 96044;DEC 96044/88,46,I,C;GRAVISSIMA;PESSOA JURIDICA;ESTADUAL;656,54
92290;EXP.PP SEM ACONDICIONAM.CORRETO E C/EMBALAGENS EM MAS COND;DEC 96044/88,46,I,D;GRAVISSIMA;PESSOA JURIDICA;ESTADUAL;656,54
92291;EXP. PP SEM ACONDICIONAMENTO CORRETO;DEC 96044/88,46,I,D;GRAVISSIMA;PESSOA JURIDICA;ESTADUAL;656,54
92292;EXP. PP COM EMBALAGEM EM MA CONDICOES;DEC 96044/88,46,I,D;GRAVISSIMA;PESSOA JURIDICA;ESTADUAL;656,54
92370;NAO COMP.AO LOCAL DO ACIDENTE QDO CONVOCADO PELA AUTORIDAD;DEC 96044/88,46,I,E;GRAVISSIMA;PESSOA JURIDICA;ESTADUAL;656,54
92450;EMB.PP EM VEIC. SEM EQUIP. P/SIT.DE EMERG./EPI OU INCOMP.;DEC 96044/88,46,II,A;GRAVISSIMA;PESSOA JURIDICA;ESTADUAL;328,27
92451;EMB.PP EM VEIC.SEM EQUIP.P/SIT.DE EMERG.OU INCOMP.;DEC 96044/88,46,II,A;GRAVISSIMA;PESSOA JURIDICA;ESTADUAL;328,27
92452;EMB.PP EM VEIC.SEM EPI OU INCOMP.;DEC 96044/88,46,II,A;GRAVISSIMA;PESSOA JURIDICA;ESTADUAL;328,27
92530;NAO FORN.AO TRANSP.A F.DE EMERG.E ENV.P/TRANSP OU EM DESC.;DEC 96044/88,46,II,B;GRAVISSIMA;PESSOA JURIDICA;ESTADUAL;328,27
92531;NAO FORN.AO TRANSP.A FICHA DE EMERG.OU EM DESAC.C/DEC96044;DEC 96044/88,46,II,B;GRAVISSIMA;PESSOA JURIDICA;ESTADUAL;328,27
92532;NAO FORN.AO TRANSP.O ENV.P/TRANSP.OU EM DESAC.C/DEC 96044;DEC 96044/88,46,II,B;GRAVISSIMA;PESSOA JURIDICA;ESTADUAL;328,27
92610;EMB PROD PERIG EM VEIC SEM ROT DE RISCO E PAINEIS DE SEGUR;DEC 96044/88,46,II,C;GRAVISSIMA;PESSOA JURIDICA;ESTADUAL;328,27
92700;EMB.CARGA FRACION.C/EMBAL.EXT.S/ROTULO DE RISCO OU S/CONS.;DEC 96044/88,46,II,D;GRAVISSIMA;PESSOA JURIDICA;ESTADUAL;328,27
92880;EMBARCAR PP EM VEIC(OU EQUIP) SEM ADEQUADAS COND DE MANUT.;DEC 96044/88,46,II,E;GRAVISSIMA;PESSOA JURIDICA;ESTADUAL;328,27
92960;NAO ESCLAREC.O SUFIC.EM SIT.DE EMERG OU ACIDENTE;DEC 96044/88,46,II,F;GRAVISSIMA;PESSOA JURIDICA;ESTADUAL;328,27
92961;NAO ESCLAREC.O SUFIC.EM SIT.DE EMERG.QDO SOLICIT.P/AUTORID;DEC 96044/88,46,II,F;GRAVISSIMA;PESSOA JURIDICA;ESTADUAL;328,27
92962;NAO ESCLAREC.O SUFIC.EM CASO DE ACID.QDO SOLICIT.P/AUTORID;DEC 96044/88,46,II,F;GRAVISSIMA;PESSOA JURIDICA;ESTADUAL;328,27
50293;"DIRIGIR VEÍCULO COM CNH OU PPD COM SUSPENSÃO
DO DIREITO DE DIRIGIR";162 * I I;GRAVISSIMA;CONDUTOR;ESTADO;957,7
50703;"ENTREGAR VEÍCULO A PESSOA COM CNH OU PPD COM
SUSPENSÃO DO DIREITO DE DIRIGIR";163 c/c 162 * II;GRAVISSIMA;PROPRIETÁRIO;ESTADO;957,7
51263;"PERMITIR POSSE/CONDUÇÃO VEÍC PESSOA COM CNH/
PPD C/ SUSPENSÃO DIREITO DE DIRIGIR";164 c/c 162 * II;GRAVISSIMA;PROPRIETÁRIO;ESTADO;957,7
52231;"USAR VEÍCULO PARA ARREMESSAR SOBRE OS PEDESTRES
ÁGUA OU DETRITOS";171;MEDIA;CONDUTOR;MUNICÍPIO;85,13
52661;"PARTICIPAR NA VIA COMO CONDUTOR EM COMPETIÇÃO
ESPORTIVA, SEM PERMISSÃO";174;GRAVISSIMA;CONDUTOR;MUNICÍPIO;957,7
52741;"UTILIZAR-SE DE VEÍCULO PARA DEMONSTRAR OU EXIBIR
MANOBRA PERIGOSA";175;GRAVISSIMA;CONDUTOR;ESTADO;191,54
52742;"UTILIZAR-SE DE VEÍCULO PARA DEMONSTRAR OU EXIBIR
ARRANCADA BRUSCA";175;GRAVISSIMA;CONDUTOR;ESTADO;191,54
52743;"UTILIZAR-SE DE VEÍCULO PARA DEMONSTRAR OU EXIBIR
DERRAPAGEM OU FRENAGEM";175;GRAVISSIMA;CONDUTOR;ESTADO;191,54
55415;"ESTACIONAR EM DESACORDO COM A REGULAMENTAÇÃO -
VAGA PORTADOR NECESSID ESPECIAIS";181 * XVII;LEVE;CONDUTOR;MUNICÍPIO;53,21
55416;"ESTACIONAR EM DESACORDO COM A REGULAMENTAÇÃO -
VAGA IDOSO";181 * XVII;LEVE;CONDUTOR;MUNICÍPIO;53,21
56732;"PARAR SOBRE FAIXA DE PEDESTRES NA MUDANÇA DE
SINAL LUMINOSO (FISC ELETRÔ NICA)";183;MEDIA;CONDUTOR;MUNICÍPIO;85,13
57461;"TRANSITAR EM LOCAL/HORÁRIO NÃO PERMITIDO PELA REGUL
ESTABELECIDA PELA AUTORIDADE";187 * I;MEDIA;CONDUTOR;MUNICÍPIO;85,13
57462;"TRANSITAR EM LOCAL/HORÁRIO NÃO PERMITIDO PELA
REGULAMENTAÇÃO – RODÍZIO";187 * I;MEDIA;CONDUTOR;MUNICÍPIO;85,13
57463;"TRANSITAR EM LOCAL/HORÁRIO NÃO PERMITIDO PELA
REGULAMENTAÇÃO – VEÍCULO DE CARGA";187 * I;MEDIA;CONDUTOR;MUNICÍPIO;85,13
61733;"DEIXAR DE DAR PREFER EM INTERSEÇÃO NÃO SINALIZADA,
A VEÍCULO QUE VIER DA DIREITA";215 * I * b;GRAVE;CONDUTOR;MUNICÍPIO;127,69
62110;"TRANSITAR EM VELOCIDADE SUPER MÁX PERMITIDA EM
ATÉ 20% - INFRAÇÕES ATÉ 25.07.06";218 * I * a;GRAVE;CONDUTOR;MUNICÍPIO;127,69
62200;"TRANSITAR EM VELOC SUPER À MÁX PERMITIDA EM MAIS
DE 20% - INFRAÇÕES ATÉ 25.07.06";218 * I * b;GRAVISSIMA;CONDUTOR;MUNICÍPIO;574,62
62380;"TRANSITAR EM VELOC SUPER À MÁX PERMITIDA EM ATÉ
DE 50% - INFRAÇÕES ATÉ 25.07.06";218 * II * a;GRAVE;CONDUTOR;MUNICÍPIO;127,69
62460;"TRANSITAR EM VELOC SUPER À MÁX PERMITIDA EM MAIS
DE 50% - INFRAÇÕES ATÉ 25.07.06";218 * II * b;GRAVISSIMA;CONDUTOR;MUNICÍPIO;574,62
62891;"DEIXAR DE REDUZIR A VELOCIDADE DO VEÍCULO AO
APROXIMAR-SE DA GUIA DA CALÇADA";220 * III;GRAVE;CONDUTOR;MUNICÍPIO;127,69
62892;"DEIXAR DE REDUZIR A VELOCIDADE DO VEÍCULO AO
APROXIMAR-SE DO ACOSTAMENTO";220 * III;GRAVE;CONDUTOR;MUNICÍPIO;127,69
64321;"TRANSITAR COM FAROL DESREGULADO PERTURBANDO VISÃO
OUTRO CONDUTOR";223;GRAVE;CONDUTOR;ESTADO;127,69
64322;"TRANSITAR COM O FACHO DE LUZ ALTA PERTURBANDO VISÃO
OUTRO CONDUTOR";223;GRAVE;CONDUTOR;ESTADO;127,69
64591;"DEIXAR DE SINALIZAR VIA P/ TORNAR VISÍVEL LOCAL QDO TIVER
REMOVER VEÍC DA PISTA";225 * I;GRAVE;CONDUTOR;MUNICÍPIO;127,69
64592;"DEIXAR DE SINALIZAR A VIA P/ TORNAR VISÍVEL O LOCAL QDO
PERMANECER ACOSTAMENTO";225 * I;GRAVE;CONDUTOR;MUNICÍPIO;127,69
65481;"USAR NO VEÍC ALARME Q PERTURBE O SOSSEGO PÚBLICO,
EM DESACORDO NORMAS DO CONTRAN";229;MEDIA;PROPRIETÁRIO;ESTADO;85,13
65482;"USAR NO VEÍC APARELHO PRODUZA SOM/RUÍDO PERTURBE
SOSSEGO PÚBLIC DESAC C/ CONTRAN";229;MEDIA;PROPRIETÁRIO;ESTADO;85,13
67001;"CONDUZIR O VEÍCULO COM VIDROS TOTALMENTE COBERTOS
POR PELÍCULA, PAINÉIS/PINTURA";230 * XVI;GRAVE;PROPRIETÁRIO;ESTADO;127,69
67002;"CONDUZIR O VEÍCULO C/ VIDROS PARCIALMENTE COBERTOS
POR PELÍCULA, PAINÉIS/PINTURA";230 * XVI;GRAVE;PROPRIETÁRIO;ESTADO;127,69
67691;"CONDUZIR O VEÍCULO COM DEFEITO NO SISTEMA DE
ILUMINAÇÃO";230 * XXII;MEDIA;PROPRIETÁRIO;ESTADO;85,13
67692;"CONDUZIR O VEÍCULO COM DEFEITO NO SISTEMA DE
SINALIZAÇÃO";230 * XXII;MEDIA;PROPRIETÁRIO;ESTADO;85,13
67693;CONDUZIR O VEÍCULO COM LÂMPADAS QUEIMADAS;230 * XXII;MEDIA;PROPRIETÁRIO;ESTADO;85,13
68401;"TRANSITAR EM DESACORDO C/ AUTORIZAÇÃO EXPEDIDA P/
VEÍCULO C/ DIMENSÕES EXCEDENTES";231 * VI;GRAVE;PROPRIETÁRIO;MUNICÍPIO;127,69
68402;"TRANSITAR COM AUTORIZAÇÃO VENCIDA, EXPEDIDA P/
VEÍCULO C/ DIMENSÕES EXCEDENTES";231 * VI;GRAVE;PROPRIETÁRIO;MUNICÍPIO;127,69
69393;FALSIFICAR DOCUMENTO DE IDENTIFICAÇÃO DO VEÍCULO;234;GRAVISSIMA;PROPRIETÁRIO;ESTADO;191,54
69394;ADULTERAR DOCUMENTO DE IDENTIFICAÇÃO DO VEÍCULO;234;GRAVISSIMA;PROPRIETÁRIO;ESTADO;191,54
69631;"TRANSITAR C/ VEÍC EM DESACORDO C/ ESPECIFICAÇÕES
NECESSÁRIAS A SUA IDENTIFICAÇÃO";237;GRAVE;PROPRIETÁRIO;ESTADO;127,69
69632;"TRANSITAR COM VEÍCULO COM FALTA DE INSCRIÇÃO
NECESSÁRIA A SUA IDENTIFICAÇÃO";237;GRAVE;PROPRIETÁRIO;ESTADO;127,69
69633;"TRANSITAR COM VEÍCULO COM FALTA DE SIMBOLOGIA
NECESSÁRIA A SUA IDENTIFICAÇÃO";237;GRAVE;PROPRIETÁRIO;ESTADO;127,69
70131;"FAZER FALSA DECLARAÇÃO DE DOMICÍLIO PARA FINS DE
REGISTRO/LICENCIAMENTO";242;GRAVISSIMA;PROPRIETÁRIO;ESTADO;191,54
70132;"FAZER FALSA DECLARAÇÃO DE DOMICÍLIO PARA FINS DE
HABILITAÇÃO";242;GRAVISSIMA;CONDUTOR;ESTADO;191,54
70303;"CONDUZIR MOTOCICLETA, MOTONETA E CICLOMOTOR SEM
VESTUÁRIO APROVADO PELO CONTRAN";244 * I;GRAVISSIMA;CONDUTOR;MUNICÍPIO/ESTADO;191,54
70483;"CONDUZIR MOTOCICLETA/MOTONETA/CICLOMOTOR
TRANSPORTANDO PAS. FORA DO ASSENTO";244 * II;GRAVISSIMA;CONDUTOR;MUNICÍPIO;191,54
70561;"CONDUZIR MOTOC/MOTON/CICLOMOTOR FAZENDO
MALABARISMO/EQUILIBRANDO-SE EM UMA  RODA";244 * III;GRAVISSIMA;CONDUTOR;MUNICÍPIO;191,54
70721;"CONDUZIR MOTOCICLETA/MOTONETA/CICLOMOTOR
TRANSPORTANDO CRIANÇA MENOR DE 7 ANOS";244 * V;GRAVISSIMA;CONDUTOR;MUNICÍPIO;191,54
70722;"CONDUZIR MOTOC/MOTON/CICLOM TRANSP CRIANÇA S/
CONDIÇÃO CUIDAR PRÓPRIA SEGURANÇA";244 * V;GRAVISSIMA;CONDUTOR;MUNICÍPIO;191,54
71531;"DEIXAR DE SINALIZAR OBSTÁCULO À CIRCULAÇÃO/
SEGURANÇA CALÇADA/PISTA-S/AGRAVAMENTO";246;GRAVISSIMA;PF OU JUR;MUNICÍPIO;191,54
71601;"DEIXAR DE SINALIZAR OBSTÁCULO CIRCULAÇÃO/SEGURANÇA
CALÇADA/PISTA- AGRAVAMENTO 2X";246;GRAVISSIMA;PF OU JUR;MUNICÍPIO;383,08
71602;OBSTACULIZAR A VIA INDEVIDAMENTE-AGRAVAMENTO 2X;246;GRAVISSIMA;PF OU JUR;MUNICÍPIO;383,08
71701;"DEIXAR DE SINALIZAR OBSTÁCULO CIRCULAÇÃO/SEGURANÇA
CALÇADA/PISTA- AGRAVAMENTO 3X";246;GRAVISSIMA;PF OU JUR;MUNICÍPIO;574,62
71881;"DEIXAR DE SINALIZAR OBSTÁCULO CIRCULAÇÃO/SEGURANÇA
CALÇADA/PISTA- AGRAVAMENTO 4X";246;GRAVISSIMA;PF OU JUR;MUNICÍPIO;766,16
71961;"DEIXAR DE SINALIZAR OBSTÁCULO CIRCULAÇÃO/SEGURANÇA
CALÇADA/PISTA- AGRAVAMENTO 5X";246;GRAVISSIMA;PF OU JUR;MUNICÍPIO;957,7
72001;"DEIXAR DE CONDUZIR PELO BORDO PISTA EM FILA ÚNICA
VEÍC TRAÇÃO/PROPULSÃO HUMANA";247;MEDIA;CONDUTOR;MUNICÍPIO;85,13
72002;"DEIXAR DE CONDUZIR PELO BORDO DA PISTA EM FILA ÚNICA
VEÍCULO DE TRAÇÃO ANIMAL";247;MEDIA;CONDUTOR;MUNICÍPIO;85,13
72261;"DEIXAR DE MANTER ACESAS À NOITE AS LUZES POSIÇÃO
QDO O VEÍCULO ESTIVER PARADO";249;MEDIA;CONDUTOR;MUNICÍPIO;85,13
72262;"DEIXAR DE MANTER ACESAS À NOITE AS LUZES DE
POSIÇÃO VEIC FAZENDO CARGA/DESCARGA";249;MEDIA;CONDUTOR;MUNICÍPIO;85,13
73231;"DIRIGIR O VEÍCULO TRANSPORT PESSOAS À SUA ESQUERDA
OU ENTRE OS BRAÇOS E PERNAS";252 * II;MEDIA;CONDUTOR;ESTADO;85,13
73232;"DIRIGIR O VEÍCULO TRANSPORT ANIMAIS À SUA ESQUERDA
OU ENTRE OS BRAÇOS E PERNAS";252 * II;MEDIA;CONDUTOR;ESTADO;85,13
73233;"DIRIGIR O VEÍCULO TRANSPORT VOLUME À SUA ESQUERDA
OU ENTRE OS BRAÇOS E PERNAS";252 * II;MEDIA;CONDUTOR;ESTADO;85,13
74471;"CONDUZIR BICICLETA EM PASSEIOS ONDE NÃO SEJA
PERMITIDA A CIRCULAÇÃO DESTA";255;MEDIA;CONDUTOR;MUNICÍPIO;85,13
74550;"TRANSITAR EM VELOCIDADE SUPERIOR À MÁXIMA
PERMITIDA EM ATÉ 20%";218 * I;MEDIA;CONDUTOR;MUNICÍPIO;85,13
74630;"TRANSITAR EM VELOCIDADE SUPERIOR À MÁXIMA
PERMITIDA EM MAIS DE 20% ATÉ 50%";218 * II;GRAVE;CONDUTOR;MUNICÍPIO;127,69
74710;"TRANSITAR EM VELOCIDADE SUPERIOR À MÁXIMA
PERMITIDA EM MAIS DE 50%";218 * III;GRAVISSIMA;CONDUTOR;MUNICÍPIO;191,54
75360;"NÃO AVISAR COMUNIDADE C/ 48H ANTEC INTERDIÇÃO VIA
INDICANDO CAMINHO ALTERNATIVO";95 * § 2º;SEM INF;SERV PÚBLICO;MUNICÍPIO;0
75441;"FALTA DE ESCRITURAÇÃO LIVRO REGISTRO ENTRADA/SAÍDA E
DE USO PLACA DE EXPERIÊNCIA";330 * § 5º;GRAVISSIMA;PF OU JUR;ESTADO;191,54
75442;"ATRASO ESCRITURAÇÃO LIVRO REGISTRO ENTRADA/SAÍDA E DE
USO PLACA DE EXPERIÊNCIA";330 * § 5º;GRAVISSIMA;PF OU JUR;ESTADO;191,54
75443;"FRAUDE ESCRITURAÇÃO LIVRO REGISTRO ENTRADA/SAÍDA E
DE USO PLACA DE EXPERIÊNCIA";330 * § 5º;GRAVISSIMA;PF OU JUR;ESTADO;191,54
75444;"RECUSA DA EXIBIÇÃO DO LIVRO REGISTRO ENTRADA/SAÍDA E
DE USO PLACA DE EXPERIÊNCIA";330 * § 5º;GRAVISSIMA;PF OU JUR;ESTADO;191,54